ID,Name,Type,ATK,DEF,Description,Suggested_Pool,Final_Pool
DM0001,3-Hump Lacooda,Monster (Effect),500,1500,"If there are 3 face-up ""3-Hump Lacooda"" cards on your side of the field, Tribute 2 of them to draw 3",2.5,
DM0002,"30,000-Year White Turtle",Monster (Normal),1250,2100,"''A huge turtle that has existed for over 30,000 years.''",3.5,
DM0003,4-Starred Ladybug of Doom,Monster (Effect),800,1200,FLIP: Destroy all Level 4 monsters your opponent controls.,2.3,
DM0004,7,Spell,,,"When there are 3 face-up ""7"" cards on your side of the field, draw 3 cards from your Deck. Then dest",3.5,
DM0005,7 Colored Fish,Monster (Normal),1800,800,A rare rainbow fish that has never been caught by mortal man.,3.1,
DM0006,7 Completed,Spell,,,"Activate this card by choosing ATK or DEF; equip only to a Machine monster. It gains 700 ATK or DEF,",3.5,
DM0007,8-Claws Scorpion,Monster (Effect),300,200,"Once per turn, you can flip this card into face-down Defense Position. When this card attacks an opp",1.3,
DM0008,A Cat of Ill Omen,Monster (Effect),500,300,"FLIP: Choose 1 Trap from your Deck and place it on top of your Deck, or, if ""Necrovalley"" is on the ",1.5,
DM0009,A Deal with Dark Ruler,Spell,,,"(This card is always treated as an ""Archfiend"" card.) If a Level 8 or higher monster under your cont",3.5,
DM0010,A Feather of the Phoenix,Spell,,,"Discard 1 card, then target 1 card in your GY; return that target to the top of your Deck.",2.3,
DM0011,A Feint Plan,Trap,,,A player cannot attack face-down monsters during this turn.,2.3,
DM0012,A Hero Emerges,Trap,,,"When an opponent's monster declares an attack: Your opponent chooses 1 random card from your hand, t",3.5,
DM0013,A Legendary Ocean,Spell,,,"(This card's name is always treated as ""Umi"".)  All WATER monsters on the field gain 200 ATK/DEF. Re",1.4,
DM0014,A Man with Wdjat,Monster (Effect),1600,1600,"When you Normal Summon this card, and during each of your Standby Phases, select 1 Set card on your ",3.2,
DM0015,A Wingbeat of Giant Dragon,Spell,,,"Return 1 Level 5 or higher Dragon-Type monster you control to the hand, and if you do, destroy all S",3.5,
DM0016,A-Team: Trap Disposal Unit,Monster (Effect),300,400,"This effect can be used during either player's turn. When your opponent activates a Trap Card, Tribu",1.3,
DM0017,Absolute End,Trap,,,"Activate only during your opponent's turn. This turn, the attacks from your opponent's monsters beco",2.3,
DM0018,Absorbing Kid from the Sky,Monster (Effect),1300,1000,"When this card destroys a monster and sends it to the Graveyard as a result of battle, increase your",2.3,
DM0019,Abyss Flower,Monster (Normal),750,400,''A rarely seen flower that blossoms quietly on the edge of darkness.'',1.3,
DM0020,Abyss Soldier,Monster (Effect),1800,1300,Once per turn: You can discard 1 WATER monster to the Graveyard to target 1 card on the field; retur,3.3,
DM0021,Abyssal Designator,Spell,,,Pay 1000 Life Points. Declare a Type and an Attribute. Your opponent must send 1 monster with both t,2.3,
DM0022,Acid Crawler,Monster (Normal),900,700,''A giant caterpillar that secretes an acid mist that melts anything.'',1.5,
DM0023,Acid Rain,Spell,,,Destroy all face-up Machine-Type monsters on the field.,3.5,
DM0024,Acid Trap Hole,Trap,,,"Target 1 face-down Defense Position monster on the field; flip it face-up, then destroy it if its DE",1.4,
DM0025,Acrobat Monkey,Monster (Normal),1000,1800,An autonomous monkey type robot which was developed with cutting-edge technology. It moves very acro,3.1,
DM0026,Adhesion Trap Hole,Trap,,,When your opponent Summons a monster(s): Halve that monster(s)'s original ATK.,2.3,
DM0027,After the Struggle,Spell,,,This card can only be activated during Main Phase 1. All monsters on both sides of the field that ha,2.3,
DM0028,Agido,Monster (Effect),1500,1300,"When this card is destroyed and sent to the Graveyard as a result of battle, roll a six-sided die. Y",2.5,
DM0029,Air Eater,Monster (Normal),2100,1600,"''A monster that feeds on oxygen, suffocating any who stand near.''",3.5,
DM0030,Airknight Parshath,Monster (Effect),1900,1400,"If this card attacks a Defense Position monster, inflict piercing battle damage. If this card inflic",2.5,
DM0031,Aitsu,Monster (Normal),100,100,"He seems to be very unreliable, but he might have incredible potential.",1.1,
DM0032,Akakieisu,Monster (Normal),1000,800,''A sorcerer who utters spells that render monsters unconscious.'',1.5,
DM0033,Akihiron,Monster (Normal),1700,1400,"''This strange creature hides in the deep, dark corners of the seven seas.''",1.5,
DM0034,Alinsection,Monster (Normal),950,700,A stag beetle with a saw-like head and arms.,1.5,
DM0035,Alligator's Sword,Monster (Normal),1500,1200,"ey, dis mighty lissard man can swing his sword so fast, dat it's more dan da speed a sound!",2.3,
DM0036,Alligator's Sword Dragon,Monster (Fusion),1700,1500,"""Baby Dragon"" + ""Alligator's Sword"" This card can attack your opponent directly if the only face-up ",3.5,
DM0037,Alpha The Magnet Warrior,Monster (Normal),1400,1700,"''Alpha, Beta, and Gamma meld as one to form a powerful monster.''",2.5,
DM0038,Altar for Tribute,Trap,,,Select 1 monster on your side of the field and send it to the Graveyard. Increase your Life Points b,1.4,
DM0039,Amazon of the Seas,Monster (Normal),1300,1400,A mermaid who serves as a herald to the Ocean Lord. She protects the sacred domain of Atlantis.,2.3,
DM0040,Amazoness Archer,Monster (Effect),1400,1000,You can Tribute 2 monsters; inflict 1200 damage to your opponent.,2.5,
DM0041,Amazoness Archers,Trap,,,"When an opponent's monster declares an attack, while you control an ""Amazoness"" monster: Change all ",3.5,
DM0042,Amazoness Blowpiper,Monster (Effect),800,1500,Select 1 face-up monster your opponent controls during each of your Standby Phases. It loses 500 ATK,2.5,
DM0043,Amazoness Chain Master,Monster (Effect),1500,1300,When this card is destroyed by battle and sent to the GY: You can pay 1500 LP; look at your opponent,2.5,
DM0044,Amazoness Fighter,Monster (Effect),1500,1300,You take no battle damage from attacks involving this card.,2.5,
DM0045,Amazoness Paladin,Monster (Effect),1700,300,"This card gains 100 ATK for each ""Amazoness"" monster you control.",3.2,
DM0046,Amazoness Spellcaster,Spell,,,"Target 1 ""Amazoness"" monster you control and 1 face-up monster your opponent controls; switch the or",3.5,
DM0047,Amazoness Swords Woman,Monster (Effect),1500,1600,Your opponent takes any battle damage you would have taken from battles involving this card instead.,3.2,
DM0048,Amazoness Tiger,Monster (Effect),1100,1500,"You can only control 1 ""Amazoness Tiger"". This card gains 400 ATK for each ""Amazoness"" monster you c",2.5,
DM0049,Ameba,Monster (Effect),300,350,"When the control of this face-up card on the field shifts to your opponent, inflict 2000 points of d",1.3,
DM0050,Amphibian Beast,Monster (Normal),2400,2000,"On land or in the sea, the speed of this monster is unmatchable.",4.1,
DM0051,Amphibious Bugroth,Monster (Fusion),1850,1300,"""Ground Attacker Bugroth"" + ""Defender of the Sea""",3.1,
DM0052,Amphibious Bugroth MK-3,Monster (Effect),1500,1300,"While ""Umi"" is face-up on the field, this card can attack your opponent's Life Points directly.",2.5,
DM0053,Amplifier,Spell,,,"Equip only to ""Jinzo"". While this card is equipped, the equipped monster's effect does not negate th",3.5,
DM0054,An Owl of Luck,Monster (Effect),300,500,"FLIP: Select 1 Field Spell Card from your Deck and place it on top of your Deck. If ""Necrovalley"" is",1.5,
DM0055,Ancient Brain,Monster (Normal),1000,700,A fallen fairy that is powerful in the dark.,1.5,
DM0056,Ancient Elf,Monster (Normal),1450,1200,This elf is rumored to have lived for thousands of years. He leads an army of spirits against his en,2.3,
DM0057,Ancient Gear Beast,Monster (Effect),2000,2000,"Cannot be Special Summoned. If this card attacks, your opponent cannot activate any Spell/Trap Cards",3.5,
DM0058,Ancient Gear Golem,Monster (Effect),3000,3000,"Cannot be Special Summoned. If this card attacks, your opponent cannot activate any Spell/Trap Cards",5.1,
DM0059,Ancient Gear Soldier,Monster (Effect),1300,1300,"If this card attacks, your opponent cannot activate any Spell/Trap Cards until the end of the Damage",2.3,
DM0060,Ancient Jar,Monster (Normal),400,200,''A very fragile jar that contains something ancient and dangerous.'',1.1,
DM0061,Ancient Lamp,Monster (Effect),900,1400,"During your Main Phase: You can Special Summon ""La Jinn the Mystical Genie of the Lamp"" from your ha",2.5,
DM0062,Ancient Lizard Warrior,Monster (Normal),1400,1100,"Before the dawn of man, this lizard warrior ruled supreme.",2.3,
DM0063,Ancient One of the Deep Forest,Monster (Normal),1800,1900,"This creature adopts the form of a white goat living in the forest, but is actually a Forest Elder.",2.3,
DM0064,Ancient Sorcerer,Monster (Normal),1000,1300,"''Armed with an array of magic wands, this creature is capable of multiple attacks.''",2.1,
DM0065,Ancient Telescope,Spell,,,See the top 5 cards of your opponent's Deck. Return the cards to the Deck in the same order.,2.3,
DM0066,Ancient Tool,Monster (Normal),1700,1400,A destructive machine discovered in the Ruins of the Ancients.,1.5,
DM0067,Ancient Tree of Enlightenment,Monster (Normal),600,1500,''This ancient arbor uses its extensive knowledge to avoid the damage of enemy attacks.'',2.3,
DM0068,Andro Sphinx,Monster (Effect),3000,2500,"You can pay 500 Life Points to Special Summon this card when ""Pyramid of Light"" is on the field. Thi",5.1,
DM0069,Ansatsu,Monster (Normal),1700,1200,A silent and deadly warrior specializing in assassinations.,1.5,
DM0070,Ante,Spell,,,"Each Player reveals 1 card from their hand. If one card is higher Level than the other, the card wit",2.3,
DM0071,Anthrosaurus,Monster (Normal),1000,850,"Dis man-like dinosawz gotta high I.Q., even tho he's lackin' in da strength depawtment. (Kinda like ",1.5,
DM0072,Anti Raigeki,Trap,,,"When your opponent activates ""Raigeki"": Negate its effect, and if you do, destroy all monsters your ",3.5,
DM0073,Anti-Aircraft Flower,Monster (Effect),0,1600,"By Tributing 1 Insect-Type monster on your side of the field, inflict 800 points of damage to your o",3.2,
DM0074,Anti-Spell,Trap,,,Remove 2 Spell Counters on your side of the field to negate the activation of a Spell Card and destr,3.5,
DM0075,Anti-Spell Fragrance,Trap,,,"Both players must Set Spell Cards before activating them, and cannot activate them until their next ",2.3,
DM0076,Apprentice Magician,Monster (Effect),400,800,If this card is Summoned: Target 1 face-up card on the field that you can place a Spell Counter on; ,3.5,
DM0077,Appropriate,Trap,,,"Activate only when your opponent draws a card(s) outside of either Draw Phase. After that, each time",3.5,
DM0078,Aqua Chorus,Trap,,,"If there are monsters with the same name on the field, increase the ATK and DEF of all of those mons",1.4,
DM0079,Aqua Dragon,Monster (Fusion),2250,1900,"""Fairy Dragon"" + ""Amazon of the Seas"" + ""Zone Eater""",3.5,
DM0080,Aqua Madoor,Monster (Normal),1200,2000,A wizard of the waters that conjures a liquid wall to crush any enemies that oppose him.,3.3,
DM0081,Aqua Snake,Monster (Normal),1050,900,''This monster hypnotizes an opponent with the ball on its tail and draws them to a watery doom.'',1.5,
DM0082,Aqua Spirit,Monster (Effect),1600,1200,This card cannot be Normal Summoned or Set. This card can only be Special Summoned by removing from ,3.2,
DM0083,Arcana Knight Joker,Monster (Fusion),3800,2500,"""Queen's Knight"" + ""Jack's Knight"" + ""King's Knight""  A Fusion Summon of this card can only be done ",5.1,
DM0084,Arcane Archer of the Forest,Monster (Effect),900,1400,"While there is a Plant-Type monster on your side of the field, this card cannot be attacked. By Trib",2.5,
DM0085,Archfiend Marmot of Nefariousness,Monster (Normal),400,600,An air marmot that has a nefarious horn and wings. It attacks by throwing acorns.,1.3,
DM0086,Archfiend Mirror,Monster (Normal),700,600,"''A wicked mirror that hypnotizes enemies, diverting attacks from their intended targets.''",1.3,
DM0087,Archfiend Soldier,Monster (Normal),1900,1500,An expert at battle who belongs to a crack diabolical unit. He's famous because he always gets the j,4.3,
DM0088,Archfiend of Gilfer,Monster (Effect),2200,2500,When this card is sent to the Graveyard: You can target 1 face-up monster on the field; equip that t,4.3,
DM0089,Archfiend's Oath,Spell,,,"Once per turn: You can pay 500 Life Points, then declare 1 card name; excavate the top card of your ",2.3,
DM0090,Archfiend's Roar,Trap,,,"Pay 500 Life Points, then target 1 ""Archfiend"" monster in your Graveyard; Special Summon that target",3.5,
DM0091,Archlord Zerato,Monster (Effect),2800,2300,This card cannot be Normal Summoned or Set. This card cannot be Special Summoned except by Tributing,4.5,
DM0092,Arlownay,Monster (Normal),800,1000,"''A lady monster dwelling in a flower, she sprinkles the air with poisonous pollen.''",1.5,
DM0093,Arma Knight,Monster (Normal),1000,1200,''An ammonite warrior that has protected the seas throughout history.'',2.1,
DM0094,Armaill,Monster (Normal),700,1300,A strange warrior who manipulates three deadly blades with both hands and his tail.,2.1,
DM0095,Armed Dragon LV3,Monster (Effect),1200,900,"During your Standby Phase: You can send this card to the GY; Special Summon 1 ""Armed Dragon LV5"" fro",2.3,
DM0096,Armed Dragon LV5,Monster (Effect),2400,1700,"You can send 1 monster from your hand to the GY, then target 1 monster your opponent controls with A",4.3,
DM0097,Armed Dragon LV7,Monster (Effect),2800,1000,"Cannot be Normal Summoned/Set. Must be Special Summoned by ""Armed Dragon LV5"". You can send 1 monste",4.5,
DM0098,Armed Ninja,Monster (Effect),300,300,"FLIP: Target 1 Spell Card on the field; destroy that target. (If the target is Set, reveal it, and d",1.3,
DM0099,Armed Samurai - Ben Kei,Monster (Effect),500,800,"For each Equip Card equipped to this card, it gains 1 additional attack during each Battle Phase.",2.2,
DM0100,Armor Break,Trap,,,Negate the activation of an Equip Spell Card and destroy it.,3.5,
DM0101,Armor Exe,Monster (Effect),2400,1400,"This card cannot attack in the same turn it is Normal Summoned, Flip Summoned, or Special Summoned. ",5.1,
DM0102,Armored Glass,Trap,,,You can only activate this card when a monster is equipped with an Equip Card. Negate the effects of,3.5,
DM0103,Armored Lizard,Monster (Normal),1500,1200,A lizard with a very tough hide and a vicious bite.,2.3,
DM0104,Armored Rat,Monster (Normal),950,1100,''The fur on this monster rat is tough enough to repel swords.'',1.5,
DM0105,Armored Starfish,Monster (Normal),850,1400,A bluish starfish with a solid hide capable of fending off attacks.,2.3,
DM0106,Armored Zombie,Monster (Normal),1500,0,This warrior blindly swings a deadly blade with devastating force.,2.3,
DM0107,Array of Revealing Light,Spell,,,Declare 1 Type of monster. Any monster of the declared Type cannot declare an attack during the turn,3.5,
DM0108,Arsenal Bug,Monster (Effect),2000,2000,"If you control no other Insect-Type monsters, this card's ATK and DEF become 1000.",4.5,
DM0109,Arsenal Robber,Trap,,,Your opponent selects 1 Equip Spell Card from his/her Deck and sends it to the Graveyard.,3.5,
DM0110,Arsenal Summoner,Monster (Effect),1600,1600,"FLIP: Add 1 ""Guardian"" card from your Deck to your hand, except ""Celtic Guardian"", ""Winged Dragon, G",3.2,
DM0111,Assault on GHQ,Trap,,,"Target 1 monster you control; destroy it, then send 2 cards from the top of your opponent's Deck to ",3.5,
DM0112,Astral Barrier,Trap,,,If your opponent's monster attacks a monster you control: You can make the attack a direct attack in,3.5,
DM0113,Asura Priest,Monster (Effect),1700,1200,Cannot be Special Summoned. During the End Phase of the turn this card is Normal Summoned or flipped,3.2,
DM0114,Aswan Apparition,Monster (Effect),500,500,"If this card inflicts Battle Damage to your opponent's Life Points, you can return 1 Trap Card from ",1.5,
DM0115,Atomic Firefly,Monster (Effect),100,200,When this face-up card on the field attacks or is attacked and it is destroyed as a result of battle,1.3,
DM0116,Attack and Receive,Trap,,,You can only activate this card when you take damage to your Life Points. Inflict 700 points of dama,2.3,
DM0117,Aussa the Earth Charmer,Monster (Effect),500,1500,"FLIP: While this card is face-up on the field, take control of 1 EARTH monster your opponent control",2.5,
DM0118,Autonomous Action Unit,Spell,,,"Pay 1500 Life Points, then target 1 monster in your opponent's Graveyard; Special Summon that target",3.5,
DM0119,Avatar of The Pot,Monster (Effect),1200,1300,"By sending 1 ""Pot of Greed"" from your hand to the Graveyard, draw 3 cards from your Deck.",2.3,
DM0120,Axe Raider,Monster (Normal),1700,1150,An axe-wielding monster of tremendous strength and agility.,2.5,
DM0121,Axe of Despair,Spell,,,"(This card is always treated as an ""Archfiend"" card.) The equipped monster gains 1000 ATK. When this",4.1,
DM0122,B. Dragon Jungle King,Monster (Normal),2100,1800,''A jet-black dragon found in the deepest jungles who normally devours trees.'',3.5,
DM0123,B.E.S. Big Core,Monster (Effect),2300,1100,If this card is Normal Summoned: Place 3 counters on it. Cannot be destroyed by battle. At the end o,4.2,
DM0124,Baby Dragon,Monster (Normal),1200,700,"Much more than just a child, this dragon is gifted with untapped power.",2.1,
DM0125,Back to Square One,Spell,,,"Discard 1 card, then target 1 monster on the field; place that target on the top of the Deck.",2.3,
DM0126,Backfire,Trap,,,If a face-up FIRE monster(s) you control is destroyed and sent to the GY: Inflict 500 damage to your,3.5,
DM0127,Backup Soldier,Trap,,,While there are 5 or more monsters in your Graveyard: Target up to 3 non-Effect Monsters with 1500 o,2.3,
DM0128,Bad Reaction to Simochi,Trap,,,"As long as this card remains face-up on the field, any effect of increasing your opponent's Life Poi",2.3,
DM0129,Bait Doll,Spell,,,"Target 1 Set card in the Spell & Trap Card Zone; reveal that target, force its activation if it is a",3.5,
DM0130,Balloon Lizard,Monster (Effect),500,1900,"Put 1 counter on this card during each of your Standby Phases. When this card is destroyed, inflict ",3.5,
DM0131,Banisher of the Light,Monster (Effect),100,2000,Any card sent to the Graveyard is banished instead.,3.5,
DM0132,Banner of Courage,Spell,,,All monsters you control gain 200 ATK during your Battle Phase only.,3.5,
DM0133,Bark of Dark Ruler,Trap,,,"If a Fiend-Type monster you control battles, during the Damage Step: Pay LP (in multiples of 100 poi",3.5,
DM0134,Baron of the Fiend Sword,Monster (Normal),1550,800,An aristocrat who wields a sword possessed by a malicious spirit that preys on the weak.,2.3,
DM0135,Barox,Monster (Fusion),1380,1530,"""Frenzied Panda"" + ""Ryu-Kishin""",3.3,
DM0136,Barrel Behind the Door,Trap,,,Activate only when a card's effect that would inflict damage to you is activated. Your opponent take,2.3,
DM0137,Barrel Dragon,Monster (Effect),2600,2200,Once per turn: You can target 1 monster your opponent controls; toss a coin 3 times and destroy it i,5.1,
DM0138,Barrel Lily,Monster (Normal),1100,600,''This wicked flower attacks enemies with pollen projectiles.'',1.5,
DM0139,Barrel Rock,Monster (Normal),1000,1300,"''Shouldering a pair of machine guns, this monster is unstoppable.''",2.1,
DM0140,Basic Insect,Monster (Normal),500,700,"Usually found traveling in swarms, this creature's ideal environment is the forest.",1.3,
DM0141,Bat,Monster (Normal),300,350,''A mechanical bat that drops blasts from its wings.'',1.1,
DM0142,Battery Charger,Spell,,,"Pay 500 Life Points. Special Summon 1 ""Batteryman"" monster from your Graveyard.",3.5,
DM0143,Batteryman AA,Monster (Effect),0,0,"If all ""Batteryman AA""(s) you control are in Attack Position, this card gains 1000 ATK for each. If ",1.3,
DM0144,Battle Footballer,Monster (Normal),1000,2100,A cyborg with high defense power. Originally it was invented for a football machine.,3.5,
DM0145,Battle Ox,Monster (Normal),1700,1000,"A monster with tremendous power, it destroys enemies with a swing of its axe.",2.5,
DM0146,Battle Steer,Monster (Normal),1800,1300,"A bull monster often found in the woods, it charges enemy monsters with a pair of deadly horns.",2.1,
DM0147,Battle Warrior,Monster (Normal),700,1000,A warrior that fights with his bare hands!!!,1.5,
DM0148,Battle-Scarred,Trap,,,Select 1 Archfiend monster on your side of the field to activate this card. Your opponent also pays ,2.3,
DM0149,Bazoo the Soul-Eater,Monster (Effect),1600,900,Once per turn: You can banish up to 3 monsters from your Graveyard; this card gains 300 ATK for each,3.2,
DM0150,Beaked Snake,Monster (Normal),800,900,''This monster wraps itself around an opponent and pecks away with its huge beak.'',1.5,
DM0151,Bean Soldier,Monster (Normal),1400,1300,A plant-warrior that attacks with seeds and sword.,2.3,
DM0152,Beast Fangs,Spell,,,A Beast-Type monster equipped with this card increases its ATK and DEF by 300 points.,3.5,
DM0153,Beast Soul Swap,Trap,,,"Target 1 Beast-Type monster you control; return it to the hand, and if you do, Special Summon 1 Beas",3.5,
DM0154,Beast of Talwar,Monster (Normal),2400,2150,Only the master of the sword among Fiend-Type monsters is permitted to hold the Talwar.   (This card,4.1,
DM0155,Beastking of the Swamps,Monster (Effect),1000,1100,"You can substitute this card for any 1 Fusion Material Monster. When you do this, the other Fusion M",2.2,
DM0156,Beastly Mirror Ritual,Spell,,,"This card is used to Ritual Summon ""Fiend's Mirror"". You must also Tribute monsters from the field o",2.3,
DM0157,Beautiful Beast Trainer,Monster (Normal),1750,1500,''A rare female beast-master with a very dangerous whip.'',1.5,
DM0158,Beautiful Headhuntress,Monster (Normal),1600,800,A vicious creature that has decapitated numerous enemy monsters.,2.5,
DM0159,Beaver Warrior,Monster (Normal),1200,1500,What this creature lacks in size it makes up for in defense when battling in the prairie.,2.3,
DM0160,Beckoning Light,Trap,,,"Discard your entire hand, then for each card you discarded to the GY by this effect, add 1 LIGHT mon",2.3,
DM0161,"Begone, Knave!",Trap,,,If a monster inflicts battle damage to a player: Return that monster to the hand.,2.3,
DM0162,Behegon,Monster (Normal),1350,1000,"With an enormous maw and massive teeth, this monstrosity is one dangerous and strange serpent from t",2.1,
DM0163,Behemoth the King of All Animals,Monster (Effect),2700,1500,"This card can be Normal Summoned or Set with 1 Tribute. In that case, the original ATK of this card ",4.5,
DM0164,Berfomet,Monster (Effect),1400,1800,"When this card is Normal or Flip Summoned: You can add 1 ""Gazelle the King of Mythical Beasts"" from ",2.3,
DM0165,Berserk Dragon,Monster (Effect),3500,0,"Cannot be Normal Summoned/Set. Must be Special Summoned with ""A Deal with Dark Ruler"" and cannot be ",5.1,
DM0166,Berserk Gorilla,Monster (Effect),2000,1000,"If this card is in face-up Defense Position, destroy this card. This card must attack if able.",4.5,
DM0167,Beta The Magnet Warrior,Monster (Normal),1700,1600,"''Alpha, Beta, and Gamma meld as one to form a powerful monster.''",2.5,
DM0168,Bickuribox,Monster (Fusion),2300,2000,"""Crass Clown"" + ""Dream Clown""",3.5,
DM0169,Big Bang Shot,Spell,,,"The equipped monster gains 400 ATK. If the equipped monster attacks a Defense Position monster, infl",3.5,
DM0170,Big Burn,Trap,,,You can only activate this card when your opponent activates a card that targets a monster in the Gr,2.3,
DM0171,Big Eye,Monster (Effect),1200,1000,"FLIP: Look at up to 5 cards from the top of your Deck, then place them on the top of the Deck in any",2.3,
DM0172,Big Insect,Monster (Normal),1200,1500,"A giant ant that dwells in the jungle, it is powerful whether attacking or defending.",2.3,
DM0173,Big Koala,Monster (Normal),2700,2000,"A species of huge Des Koala. He's meek, but people are afraid of him because he's very powerful.",4.3,
DM0174,Big Shield Gardna,Monster (Effect),100,2600,When a Spell Card is activated that targets this face-down card (and no other cards) (Quick Effect):,4.5,
DM0175,Big Wave Small Wave,Spell,,,"Destroy all face-up WATER monsters you control, then you can Special Summon WATER monsters from your",3.5,
DM0176,Big-Tusked Mammoth,Monster (Effect),2000,1000,Monsters your opponent controls cannot attack the turn they are Summoned.,3.5,
DM0177,Binding Chain,Monster (Normal),1000,1100,''The mystic links of this chain can rob enemies of their power.'',1.5,
DM0178,Bio Plant,Monster (Normal),600,1300,''A monster created from a major accident in an underground lab.'',2.1,
DM0179,Bio-Mage,Monster (Normal),1150,1000,A mysterious priest created as a result of the latest advances in biotechnology.,1.5,
DM0180,Birdface,Monster (Effect),1600,1600,"When this card is destroyed by battle and sent to the GY: You can add 1 ""Harpie Lady"" from your Deck",3.2,
DM0181,Bite Shoes,Monster (Effect),500,300,FLIP: Change the battle position of 1 face-up monster on the field.,1.5,
DM0182,Black Dragon's Chick,Monster (Effect),800,500,"You can send this face-up card you control to the Graveyard; Special Summon 1 ""Red-Eyes B. Dragon"" f",2.2,
DM0183,Black Illusion Ritual,Spell,,,"This card is used to Ritual Summon ""Relinquished"". You must also Tribute a monster from your hand or",4.1,
DM0184,Black Luster Ritual,Spell,,,"This card is used to Ritual Summon ""Black Luster Soldier"". You must also Tribute monsters from your ",2.3,
DM0185,Black Luster Soldier,Monster (Ritual),3000,2500,"You can Ritual Summon this card with ""Black Luster Ritual"".",5.1,
DM0186,Black Luster Soldier - Envoy of the Beginning,Monster (Effect),3000,2500,Cannot be Normal Summoned/Set. Must first be Special Summoned (from your hand) by banishing 1 LIGHT ,5.5,
DM0187,Black Magic Ritual,Spell,,,"This card is used to Ritual Summon ""Magician of Black Chaos"". You must also Tribute monsters from yo",2.3,
DM0188,Black Pendant,Spell,,,The equipped monster gains 500 ATK. When this card is sent from the field to the Graveyard: Inflict ,3.5,
DM0189,Black Skull Dragon,Monster (Fusion),3200,2500,"""Summoned Skull"" + ""Red-Eyes Black Dragon""        (This card is always treated as an ""Archfiend"" car",5.1,
DM0190,Black Tyranno,Monster (Effect),2600,1800,"If the only cards your opponent controls are Defense Position monsters, this card can attack directl",4.5,
DM0191,Blackland Fire Dragon,Monster (Normal),1500,800,"A dragon that dwells in the depths of darkness, its vulnerability lies in its poor eyesight.",2.3,
DM0192,Blade Knight,Monster (Effect),1600,1000,"Gains 400 ATK while you have 1 or less cards in your hand. If you control no other monsters, the eff",3.2,
DM0193,Blade Rabbit,Monster (Effect),400,300,"When this card is changed from Attack Position to face-up Defense Position, destroy 1 monster on you",1.3,
DM0194,Bladefly,Monster (Effect),600,700,"As long as this card remains face-up on the field, increase the ATK of all WIND monsters by 500 poin",1.5,
DM0195,Blast Held by a Tribute,Trap,,,When an opponent's monster that was Tribute Summoned declares an attack: Destroy as many face-up Att,3.5,
DM0196,Blast Juggler,Monster (Effect),800,900,You can only activate this effect during your Standby Phase. Tribute this face-up card to select and,2.2,
DM0197,Blast Magician,Monster (Effect),1400,1700,"Each time a Spell Card is activated, place 1 Spell Counter on this card when that Spell Card resolve",3.2,
DM0198,Blast Sphere,Monster (Effect),1400,1400,"If this face-down Defense Position card was attacked by an opponent's monster, before damage calcula",2.5,
DM0199,Blast with Chain,Trap,,,Target 1 face-up monster you control; equip this card to that target. It gains 500 ATK. If this card,3.5,
DM0200,Blasting the Ruins,Trap,,,You can only activate this card if there are 30 or more cards in your Graveyard. Inflict 3000 points,2.3,
DM0201,Blazing Inpachi,Monster (Normal),1850,0,"A wicked wooden spirit now burning in flames. Its fire attack is powerful, but it will soon be nothi",3.1,
DM0202,Blessings of the Nile,Spell,,,Each time card(s) are discarded from your hand to the Graveyard by the effect of a card controlled b,3.5,
DM0203,Blind Destruction,Trap,,,"Once per turn, during your Standby Phase: Roll a six-sided die. If the result is 1-5, destroy all mo",3.5,
DM0204,Blindly Loyal Goblin,Monster (Effect),1800,1500,"As long as this card remains face-up on the field, control of this card cannot switch.",3.3,
DM0205,Block Attack,Spell,,,Target 1 face-up Attack Position monster your opponent controls; change that target to face-up Defen,3.5,
DM0206,Blocker,Monster (Normal),850,1800,"Constructed from several components, this monster can launch them in a pincer attack.",3.1,
DM0207,Blood Sucker,Monster (Effect),1300,1500,If this card inflicts battle damage to your opponent: Send the top card of their Deck to the GY.,2.5,
DM0208,Blowback Dragon,Monster (Effect),2300,1200,Once per turn: You can target 1 card your opponent controls; toss a coin 3 times and destroy that ta,4.2,
DM0209,Blue Medicine,Spell,,,Increase your Life Points by 400 points.,1.4,
DM0210,Blue-Eyed Silver Zombie,Monster (Normal),900,700,The beams from the eyes of this creature are said to turn enemies into zombies.,1.5,
DM0211,Blue-Eyes Shining Dragon,Monster (Effect),3000,2500,"Cannot be Normal Summoned/Set. Must be Special Summoned (from your hand) by Tributing 1 ""Blue-Eyes U",5.1,
DM0212,Blue-Eyes Toon Dragon,Monster (Effect),3000,2500,Cannot be Normal Summoned/Set. Must first be Special Summoned (from your hand) by Tributing 2 monste,5.1,
DM0213,Blue-Eyes Ultimate Dragon,Monster (Fusion),4500,3800,"""Blue-Eyes White Dragon"" + ""Blue-Eyes White Dragon"" + ""Blue-Eyes White Dragon""",5.1,
DM0214,Blue-Eyes White Dragon,Monster (Normal),3000,2500,"This legendary dragon is a powerful engine of destruction. Virtually invincible, very few have faced",5.1,
DM0215,Blue-Winged Crown,Monster (Normal),1600,1200,"With hair shaped like a crown and a body encased in bluish white flames, this bird is a formidable s",2.5,
DM0216,Boar Soldier,Monster (Effect),2000,500,"If this card is Normal Summoned, destroy this card. If your opponent controls 1 or more monsters, de",4.5,
DM0217,Bokoichi the Freightening Car,Monster (Normal),500,500,"A freight car that is exclusively for Dekoichi. It can transport anything, but most cargo arrives br",1.3,
DM0218,Bolt Escargot,Monster (Normal),1400,1500,"''After rendering an opponent immobile by spitting a sticky goo, this monster closes in for the atta",1.3,
DM0219,Bolt Penguin,Monster (Normal),1100,800,"With each arm forming an electric whip, this monster paralyzes its enemies with electric shocks.",1.5,
DM0220,Bombardment Beetle,Monster (Effect),400,900,FLIP: Pick up and see 1 face-down Defense Position Monster Card on your opponent's side of the field,2.2,
DM0221,Bone Mouse,Monster (Normal),400,300,''A mouse that has returned as a zombie to seek revenge on cats.'',1.1,
DM0222,Boneheimer,Monster (Normal),850,400,"This monster wanders the seas, sucking dry any creatures it may encounter.",1.5,
DM0223,Boo Koo,Monster (Normal),650,500,''A book-like wizard with a wealth of magic written inside.'',1.3,
DM0224,Book of Life,Spell,,,Target 1 Zombie monster in your GY and 1 monster in your opponent's GY; Special Summon the first tar,3.5,
DM0225,Book of Moon,Spell,,,Target 1 face-up monster on the field; change that target to face-down Defense Position.,1.4,
DM0226,Book of Secret Arts,Spell,,,A Spellcaster-Type monster equipped with this card increases its ATK and DEF by 300 points.,3.5,
DM0227,Book of Taiyou,Spell,,,Flip 1 face-down monster on the field into face-up Attack Position.,2.3,
DM0228,Bottom Dweller,Monster (Normal),1650,1700,This is one sea creature whose wrath is something monsters fear to face.,1.5,
DM0229,Bottomless Shifting Sand,Trap,,,"At the end of your opponent's turn, destroy the face-up monster(s) with the highest ATK on the field",2.3,
DM0230,Bottomless Trap Hole,Trap,,,When your opponent Summons a monster(s) with 1500 or more ATK: Destroy that monster(s) with 1500 or ,3.5,
DM0231,Boulder Tortoise,Monster (Normal),1450,2200,''A stone turtle that is nearly indestructible.'',3.5,
DM0232,Bowganian,Monster (Effect),1300,1000,"Once per turn, during your Standby Phase: Inflict 600 damage to your opponent.",2.3,
DM0233,Bracchio-raidus,Monster (Fusion),2200,2000,"""Two-Headed King Rex"" + ""Crawling Dragon #2""",3.5,
DM0234,Brain Control,Spell,,,"Pay 800 LP, then target 1 face-up monster your opponent controls that can be Normal Summoned/Set; ta",3.5,
DM0235,Brain Jacker,Monster (Effect),200,900,FLIP: Equip this card to a monster on your opponent's side of the field and treat it as an Equip Car,2.2,
DM0236,Brave Scizzar,Monster (Normal),1300,1000,"Armed with a mass of scissors, this monster can clip an enemy into any desired shape and size.",2.1,
DM0237,Breaker the Magical Warrior,Monster (Effect),1600,1000,If this card is Normal Summoned: Place 1 Spell Counter on it (max. 1). Gains 300 ATK for each Spell ,4.5,
DM0238,Breath of Light,Spell,,,Destroy all face-up Rock-Type monsters on the field.,3.5,
DM0239,Bubble Crash,Trap,,,This card can only be activated when any player has 6 or more cards on the field and/or in their han,2.3,
DM0240,Bubonic Vermin,Monster (Effect),900,600,"FLIP: You can Special Summon 1 ""Bubonic Vermin"" from your Deck in face-down Defense Position. Then s",2.2,
DM0241,Burglar,Monster (Normal),850,800,A sly rat. He will come at you with his huge left claw.,1.5,
DM0242,Burning Algae,Monster (Effect),500,1500,"When this card is sent to the Graveyard, increase your opponent's Life Points by 1000 points.",2.5,
DM0243,Burning Beast,Monster (Effect),1500,1000,"Once per turn, during your Main Phase, if you control this monster on the field, you can equip it to",2.5,
DM0244,Burning Land,Spell,,,"When this card is activated: If there are any Field Spell Cards on the field, destroy them. During e",2.3,
DM0245,Burning Spear,Spell,,,A FIRE monster equipped with this card increases its ATK by 400 points and decreases its DEF by 200 ,3.5,
DM0246,Burst Breath,Trap,,,Tribute 1 Dragon-Type monster; destroy all face-up monsters on the field whose DEF is less than or e,3.5,
DM0247,Burst Stream of Destruction,Spell,,,"If you control ""Blue-Eyes White Dragon"": Destroy all monsters your opponent controls. ""Blue-Eyes Whi",3.5,
DM0248,Buster Blader,Monster (Effect),2600,2300,Gains 500 ATK for each Dragon monster your opponent controls or is in their GY.,4.5,
DM0249,Buster Rancher,Spell,,,Only a monster with an ATK of 1000 points or less can be equipped with this card. During damage calc,3.5,
DM0250,Butterfly Dagger - Elma,Spell,,,The equipped monster gains 300 ATK. When this card is destroyed and sent to the Graveyard while equi,3.5,
DM0251,Byser Shock,Monster (Effect),800,600,If this card is Summoned: Return all Set cards on the field to the hand.,1.2,
DM0252,Call of Darkness,Trap,,,"All monsters restored with ""Monster Reborn"" are sent to the Graveyard. ""Monster Reborn"" also cannot ",3.5,
DM0253,Call of the Earthbound,Trap,,,When an opponent's monster declares an attack: You choose the target of the attack.,2.3,
DM0254,Call of the Grave,Trap,,,"When your opponent activates ""Monster Reborn"": Negate the effect of that ""Monster Reborn"".",3.5,
DM0255,Call of the Haunted,Trap,,,Activate this card by targeting 1 monster in your GY; Special Summon that target in Attack Position.,5.1,
DM0256,Call of the Mummy,Spell,,,Once per turn: You can Special Summon 1 Zombie monster from your hand. You must control no monsters ,3.5,
DM0257,Candle of Fate,Monster (Normal),600,600,Decides the fate of an opponent when the candle on its fingertip burns out.,1.3,
DM0258,Cannon Soldier,Monster (Effect),1400,1300,You can Tribute 1 monster; inflict 500 damage to your opponent.,2.5,
DM0259,Cannonball Spear Shellfish,Monster (Effect),1000,1000,"While ""Umi"" is face-up on the field, this card is unaffected by any Spell Cards.",2.2,
DM0260,Card Destruction,Spell,,,"Both players discard as many cards as possible from their hands, then each player draws the same num",2.3,
DM0261,Card Shuffle,Spell,,,Pay 300 Life Points to use this card's effect. Shuffle either your or your opponent's Deck. You can ,2.3,
DM0262,Card of Safe Return,Spell,,,"When a monster is Special Summoned from your Graveyard, you can draw 1 card.",3.5,
DM0263,Card of Sanctity,Spell,,,Banish all other cards you control and in your hand (min. 1 from each); draw until you have 2 cards ,3.5,
DM0264,Castle Gate,Monster (Effect),0,2400,"This card cannot be destroyed by battle. Once per turn, if this card is in face-up Attack Position, ",4.3,
DM0265,Castle Walls,Trap,,,Increase the DEF of 1 face-up monster on the field by 500 points until the end of this turn.,1.4,
DM0266,Castle of Dark Illusions,Monster (Effect),920,1930,"FLIP: All Zombie-Type monsters gain 200 ATK and DEF. During each of your next 4 Standby Phases, each",3.5,
DM0267,Cat's Ear Tribe,Monster (Effect),200,100,The original ATK of your opponent's monster(s) that battles with this card during his/her turn becom,1.3,
DM0268,Catapult Turtle,Monster (Effect),1000,2000,Once per turn: You can Tribute 1 monster; inflict damage to your opponent equal to half the Tributed,3.5,
DM0269,Catnipped Kitty,Monster (Effect),0,500,This card cannot be attacked if there is another Beast-Type monster on your side of the field. Once ,1.5,
DM0270,Cave Dragon,Monster (Effect),2000,100,Cannot be Normal Summoned while you control a monster. This card cannot declare an attack unless you,4.5,
DM0271,Ceasefire,Trap,,,If a face-down Defense Position monster or an Effect Monster is on the field: Change all face-down D,1.4,
DM0272,Celtic Guardian,Monster (Normal),1400,1200,"An elf who learned to wield a sword, he baffles enemies with lightning-swift attacks.",2.3,
DM0273,Cemetary Bomb,Trap,,,Inflict 100 damage to your opponent for each card in their Graveyard.,2.3,
DM0274,Centrifugal Field,Spell,,,When a Fusion Monster(s) is destroyed by a card effect and sent to the Graveyard: Its owner targets ,3.5,
DM0275,Ceremonial Bell,Monster (Effect),0,1850,Both players must keep their hands revealed.,3.3,
DM0276,Cestus of Dagla,Spell,,,Equip only to a Fairy-Type monster. It gains 500 ATK. If it inflicts battle damage to your opponent:,3.5,
DM0277,Chain Burst,Trap,,,"Each time a player activates a Trap Card, they take 1000 damage immediately after it resolves.",2.3,
DM0278,Chain Destruction,Trap,,,When a monster(s) with 2000 or less ATK is Summoned: Target 1 of them; destroy all cards with that n,3.5,
DM0279,Chain Disappearance,Trap,,,"When a monster(s) with 1000 or less ATK is Summoned: Banish that monster(s) with 1000 or less ATK, t",2.3,
DM0280,Chain Energy,Spell,,,"Each player must pay 500 Life Points per card to Normal Summon, Special Summon, Set or activate card",3.5,
DM0281,Chakra,Monster (Ritual),2450,2000,"You can Ritual Summon this card with ""Resurrection of Chakra"".",4.1,
DM0282,Change Slime,Monster (Normal),400,300,A slime that can morph and adopt the shape and size of any monster it chooses.,1.1,
DM0283,Change of Heart,Spell,,,Target 1 monster your opponent controls; take control of it until the End Phase.,5.1,
DM0284,Chaos Command Magician,Monster (Effect),2400,1900,Negate the effect of a Monster Card that targets this 1 card.,4.3,
DM0285,Chaos Emperor Dragon - Envoy of the End,Monster (Effect),3000,2500,Cannot be Normal Summoned/Set. Must be Special Summoned (from your hand) by banishing 1 LIGHT and 1 ,5.5,
DM0286,Chaos End,Spell,,,You can only activate this card if 7 or more of your cards are currently removed from play. Destroy ,3.5,
DM0287,Chaos Greed,Spell,,,You can only activate this card if 4 or more of your cards are currently removed from play and there,3.5,
DM0288,Chaos Necromancer,Monster (Effect),0,0,The ATK of this card is the number of Monster Cards in your Graveyard x 300.,1.3,
DM0289,Chaos Sorcerer,Monster (Effect),2300,2000,Cannot be Normal Summoned/Set. Must first be Special Summoned (from your hand) by banishing 1 LIGHT ,4.2,
DM0290,Chaosrider Gustaph,Monster (Effect),1400,1500,"Once per turn, you can remove from play up to 2 Spell Cards from your Graveyard. This card gains 300",2.5,
DM0291,Charcoal Inpachi,Monster (Normal),100,2100,A wicked wooden spirit that has burned out. The barbecue grilled with this charcoal is so awesome th,3.5,
DM0292,Charm of Shabti,Monster (Effect),100,100,"During either player's turn: You can discard this card; until the End Phase, ""Gravekeeper's"" monster",1.3,
DM0293,Charubin the Fire Knight,Monster (Fusion),1100,800,"""Monster Egg"" + ""Hinotama Soul""",3.5,
DM0294,Checkmate,Spell,,,"Tribute 1 Archfiend monster on your side of the field. During this turn, 1 ""Terrorking Archfiend"" on",2.3,
DM0295,Chimera the Flying Mythical Beast,Monster (Fusion),2100,1800,"""Gazelle the King of Mythical Beasts"" + ""Berfomet"" (This card is always treated as a ""Phantom Beast""",3.5,
DM0296,Chiron the Mage,Monster (Effect),1800,1000,"Once per turn: You can discard 1 Spell Card, then target 1 Spell/Trap Card your opponent controls; d",3.3,
DM0297,Chopman the Desperate Outlaw,Monster (Effect),1100,500,"When this card is Flip Summoned, you can equip 1 Equip Spell Card in your Graveyard to this card.",2.2,
DM0298,Chorus of Sanctuary,Spell,,,Increase the DEF of all Defense Position monsters by 500 points.,1.4,
DM0299,Chosen One,Spell,,,Select 1 Monster Card and 2 non-Monster Cards from your hand. Your opponent randomly selects 1 card ,3.5,
DM0300,Chu-Ske the Mouse Fighter,Monster (Normal),1200,0,"A fiery mouse, travelling the world to become the strongest fighter in the world of mice. Be careful",2.1,
DM0301,Cipher Soldier,Monster (Effect),1350,1800,"If this card battles a Warrior-Type monster, during damage calculation: This card gains 2000 ATK and",3.3,
DM0302,Claw Reacher,Monster (Normal),1000,800,Stretching arms and razor-sharp claws make this monster a formidable opponent.,1.5,
DM0303,Cloning,Trap,,,When your opponent Normal or Flip Summons a monster that has a Level: Target that face-up monster; S,3.5,
DM0304,Clown Zombie,Monster (Normal),1350,0,A clown revived by the powers of darkness. Its deadly dance has sent many monsters to their graves.,2.1,
DM0305,Coach Goblin,Monster (Effect),1200,1500,"While this card is face-up on your side of the field, you can return 1 Normal Monster Card in your h",2.5,
DM0306,Cobra Jar,Monster (Effect),600,300,"FLIP: Special Summon 1 ""Poisonous Snake Token"" (Reptile-Type/EARTH/3 Stars/ATK 1200/DEF 1200). When ",1.5,
DM0307,Cobraman Sakuzy,Monster (Effect),800,1400,You can flip this card into face-down Defense Position once per turn during your Main Phase. When th,2.5,
DM0308,Cockroach Knight,Monster (Effect),800,900,"When this card is sent to the Graveyard, it is returned to the top of the Deck.",2.2,
DM0309,Cocoon of Evolution,Monster (Effect),0,2000,"You can target 1 ""Petit Moth"" you control; equip this card from your hand to that target. While equi",3.5,
DM0310,Coffin Seller,Trap,,,Each time a monster(s) is sent to your opponent's GY: Inflict 300 damage to your opponent.,2.3,
DM0311,Cold Wave,Spell,,,"This card can only be activated at the start of Main Phase 1. Until your next turn, you and your opp",2.3,
DM0312,Collected Power,Trap,,,Target 1 face-up monster on the field; equip it with all Equip Cards on the field. If any of those E,3.5,
DM0313,Combination Attack,Spell,,,"During a Battle Phase, you can use this effect on 1 monster that has attacked this turn and is equip",3.5,
DM0314,Command Knight,Monster (Effect),1200,1900,"All Warrior monsters you control gain 400 ATK. If you control another monster, monsters your opponen",3.5,
DM0315,Commencement Dance,Spell,,,"This card is used to Ritual Summon ""Performance of Sword"". You must also Tribute monsters whose tota",2.3,
DM0316,Compulsory Evacuation Device,Trap,,,Target 1 monster on the field; return that target to the hand.,2.3,
DM0317,Confiscation,Spell,,,"Pay 1000 Life Points. Look at your opponent's hand, select 1 card in it and discard that card.",5.1,
DM0318,Continuous Destruction Punch,Spell,,,If the DEF of the attacked Defense Position monster on your side of the field is higher than the ATK,1.4,
DM0319,Contract with Exodia,Spell,,,"If you have all 5 of ""Exodia the Forbidden One"", ""Right Arm of the Forbidden One"", ""Left Arm of the ",3.5,
DM0320,Contract with the Abyss,Spell,,,This card can be used to Ritual Summon any DARK Ritual Monster. You must also Tribute monsters from ,2.3,
DM0321,Contract with the Dark Master,Spell,,,"This card is used to Ritual Summon ""Dark Master - Zorc"". You must also Tribute monsters from your ha",2.3,
DM0322,Convulsion of Nature,Spell,,,"As long as this card remains face-up on the field, both players must turn their respective Decks ups",2.3,
DM0323,Copycat,Monster (Effect),0,0,If this card is Summoned: Target 1 face-up monster your opponent controls; this card's ATK/DEF becom,3.5,
DM0324,Corroding Shark,Monster (Normal),1100,700,A zombie shark that can deliver its lethal curse with a spell.,1.5,
DM0325,Cosmo Queen,Monster (Normal),2900,2450,Queen of the galaxies and mistress of the stars.,4.3,
DM0326,Cost Down,Spell,,,"Discard 1 card; for the rest of this turn, reduce the Levels of all monsters in your hand by 2 (even",2.3,
DM0327,Covering Fire,Trap,,,"During the Damage Step, while an opponent's monster is attacking a monster you control: Target 1 oth",3.5,
DM0328,Crab Turtle,Monster (Ritual),2550,2500,"This monster can only be Ritual Summoned with the Ritual Spell Card, ""Turtle Oath"". You must also of",4.1,
DM0329,Crass Clown,Monster (Effect),1350,1400,"When this card is changed from Defense Position to Attack Position, return 1 monster on your opponen",2.5,
DM0330,Crawling Dragon,Monster (Normal),1600,1400,"This weakened dragon can no longer fly, but is still a deadly force to be reckoned with.",1.5,
DM0331,Crawling Dragon #2,Monster (Normal),1600,1200,A powerful dragon with teeth that can grind almost anything to dust.,2.5,
DM0332,Crazy Fish,Monster (Normal),1600,1200,A flying fish that attacks with its pointed head.,2.5,
DM0333,Creature Swap,Spell,,,Each player chooses 1 monster they control and switches control of those monsters with each other. T,3.5,
DM0334,Creeping Doom Manta,Monster (Effect),1300,1200,"When this card is Normal Summoned successfully, no Trap Cards can be activated.",2.3,
DM0335,Crimson Ninja,Monster (Effect),300,300,"FLIP: Target 1 Trap Card on the field; destroy that target. (If the target is Set, reveal it, and de",1.3,
DM0336,Crimson Sentry,Monster (Effect),1500,1200,Tribute this face-up card to return 1 of your monsters destroyed as a result of battle during this t,2.5,
DM0337,Crimson Sunbird,Monster (Fusion),2300,1800,"""Faith Bird"" + ""Skull Red Bird""",3.5,
DM0338,Criosphinx,Monster (Effect),1200,2400,"When a monster is returned from the field to the owner's hand, the owner of the returned monster sel",4.3,
DM0339,Cross Counter,Trap,,,If the DEF of an attacked Defense Position monster is higher than the ATK of your opponent's attacki,1.4,
DM0340,Crow Goblin,Monster (Normal),1850,1600,"''A clever long-nosed goblin, he is a force to be reckoned with.''",2.1,
DM0341,Crush Card Virus,Trap,,,Tribute 1 DARK monster with 1000 or less ATK; your opponent takes no damage until the end of the nex,3.5,
DM0342,Cure Mermaid,Monster (Effect),1500,800,"As long as this card remains face-up on your side of the field, increase your Life Points by 800 poi",2.5,
DM0343,Curse of Aging,Trap,,,Discard 1 card from your hand. Decrease the ATK and DEF of all monsters on your opponent's side of t,1.4,
DM0344,Curse of Anubis,Trap,,,"Change all Effect Monsters on the field to Defense Position. Until the end of this turn, the origina",1.4,
DM0345,Curse of Darkness,Trap,,,"Each time a Spell Card is activated, immediately after it resolves, the player that activated it tak",2.3,
DM0346,Curse of Dragon,Monster (Normal),2000,1500,A wicked dragon that taps into dark forces to execute a powerful attack.,3.3,
DM0347,Curse of Fiend,Spell,,,Change the battle positions of all Attack Position monsters on the field to Defense Position and vic,1.4,
DM0348,Curse of Royal,Trap,,,Negate the activation and the effect of a Spell or Trap Card that includes the effect of destroying ,3.5,
DM0349,Curse of the Masked Beast,Spell,,,"This card is used to Ritual Summon ""The Masked Beast"". You must also Tribute monsters from your hand",2.3,
DM0350,Cursed Seal of the Forbidden Spell,Trap,,,"When a Spell Card is activated: Discard 1 Spell; negate the activation, and if you do, destroy it, a",3.5,
DM0351,Curtain of the Dark Ones,Monster (Normal),600,500,"A curtain that a spellcaster made, it is said to raise a dark power.",1.3,
DM0352,Cyber Commander,Monster (Normal),750,700,''A strike force equipped with rocket launchers and bazookas.'',1.3,
DM0353,Cyber Falcon,Monster (Normal),1400,1200,A jet-powered hawk that travels at the speed of sound.,2.3,
DM0354,Cyber Harpie Lady,Monster (Effect),1800,1300,"(This card's name is always treated as ""Harpie Lady"".)",3.3,
DM0355,Cyber Jar,Monster (Effect),900,900,"FLIP: Destroy all monsters on the field, then both players reveal the top 5 cards from their Decks, ",5.1,
DM0356,Cyber Raider,Monster (Effect),1400,1000,If this card is Summoned: Activate 1 of these effects.  ● Target 1 Equip Card on the field; destroy ,2.5,
DM0357,Cyber Saurus,Monster (Fusion),1800,1400,"""Blast Juggler"" + ""Two-Headed King Rex""",3.1,
DM0358,Cyber Shield,Spell,,,"Equip only to ""Harpie Lady"" or ""Harpie Lady Sisters"". It gains 500 ATK.",3.5,
DM0359,Cyber Soldier,Monster (Normal),1500,1700,"''Guardian of the Machine King, it crushes opposition by rolling over them.''",1.5,
DM0360,Cyber Soldier of Darkworld,Monster (Normal),1400,1200,A mechanical soldier that won't stop attacking until all life readings have been extinguished from i,2.3,
DM0361,Cyber-Stein,Monster (Effect),700,500,You can pay 5000 LP; Special Summon 1 Fusion Monster from your Extra Deck in Attack Position.,1.5,
DM0362,Cyber-Tech Alligator,Monster (Normal),2500,1600,"Originally a pterodactyl, he was viciously attacked by a dragon. Using the newest technologies, his ",4.1,
DM0363,Cyclon Laser,Spell,,,"You can only equip this card to ""Gradius"". Increase the ATK of ""Gradius"" by 300 points. When the equ",3.5,
DM0364,D. Human,Monster (Normal),1300,1100,"Gifted with the power of dragons, this warrior wields a sword created from a dragon's fang.",2.1,
DM0365,D. Tribe,Trap,,,All monsters on your side of the field are treated as Dragon-Type until the End Phase of this turn.,2.3,
DM0366,D.D. Assailant,Monster (Effect),1700,1600,"After damage calculation, when this card is destroyed by battle with an opponent's monster: Banish t",4.5,
DM0367,D.D. Borderline,Spell,,,"When there are no Spell Cards in your Graveyard, neither player can conduct their Battle Phase.",2.3,
DM0368,D.D. Crazy Beast,Monster (Effect),1400,1400,A monster that this card destroys as a result of battle is removed from play.,2.5,
DM0369,D.D. Designator,Spell,,,"Declare 1 card name. Look at your opponent's hand, and if they have the declared card in their hand,",2.3,
DM0370,D.D. Dynamite,Trap,,,Inflict 300 damage to your opponent for each of their removed from play cards.,2.3,
DM0371,D.D. Scout Plane,Monster (Effect),800,1200,"Once per turn, during the End Phase, if this card is currently banished, and was banished this turn:",2.3,
DM0372,D.D. Survivor,Monster (Effect),1800,200,"During the End Phase, if this card was banished while face-up, on your side of the field, this turn:",3.3,
DM0373,D.D. Trainer,Monster (Normal),100,2000,"A poor goblin that was sucked into a different dimension. However, he's doing his best with his new ",3.3,
DM0374,D.D. Warrior,Monster (Effect),1200,1000,"After damage calculation, when this card battles a monster: Banish that monster, also banish this ca",2.3,
DM0375,D.D. Warrior Lady,Monster (Effect),1500,1600,"After damage calculation, when this card battles an opponent's monster: You can banish that monster,",4.5,
DM0376,DNA Surgery,Trap,,,Activate this card by declaring 1 Monster Type. All face-up monsters on the field become that Type.,2.3,
DM0377,DNA Transplant,Trap,,,Activate by declaring 1 monster Attribute. All face-up monsters become that Attribute.,2.3,
DM0378,Dancing Elf,Monster (Normal),300,200,An elf that dances across the sky with wings of razor-sharp blades.,1.1,
DM0379,Dancing Fairy,Monster (Effect),1700,1000,"As long as this card remains in face-up Defense Position on your side of the field, increase your Li",3.2,
DM0380,Dangerous Machine Type-6,Spell,,,During each of your Standby Phases: Roll a six-sided die and apply the result. ● 1: Discard 1 card. ,3.5,
DM0381,Dark Artist,Monster (Effect),600,1400,"If this card is being attacked by a LIGHT monster, its DEF is halved during damage calculation only.",2.5,
DM0382,Dark Assailant,Monster (Normal),1200,1200,"Armed with the Psycho Sword, this sinister assassin rules the bad land.",2.1,
DM0383,Dark Balter the Terrible,Monster (Fusion),2000,1200,"""Possessed Dark Soul"" + ""Frontier Wiseman"" A Fusion Summon of this monster can only be conducted wit",3.3,
DM0384,Dark Bat,Monster (Normal),1000,1000,Bats from the netherworld that use their hyper senses to detect their enemies.,1.5,
DM0385,Dark Blade,Monster (Normal),1800,1500,"They say he is a dragon-manipulating warrior from the dark world. His attack is tremendous, using hi",3.1,
DM0386,Dark Blade the Dragon Knight,Monster (Fusion),2200,1500,"""Dark Blade"" + ""Pitch-Dark Dragon"" Each time this card inflicts Battle Damage to your opponent, you ",3.5,
DM0387,Dark Cat with White Tail,Monster (Effect),800,500,FLIP: Return 2 Monster Cards on your opponent's side of the field and 1 Monster Card on your side of,2.2,
DM0388,Dark Chimera,Monster (Normal),1610,1460,''A fire-breathing monster that dwells in the netherworld.'',1.5,
DM0389,Dark Coffin,Trap,,,"When this face-down card is destroyed and sent to the Graveyard, your opponent selects and executes ",2.3,
DM0390,Dark Core,Spell,,,"Discard 1 card, then target 1 face-up monster on the field; banish that target.",2.3,
DM0391,Dark Designator,Spell,,,"Declare 1 Monster Card name. If the declared card is in your opponent's Deck, add 1 of that card to ",2.3,
DM0392,Dark Driceratops,Monster (Effect),2400,1500,"If this card attacks a Defense Position monster, inflict piercing battle damage.",4.3,
DM0393,Dark Dust Spirit,Monster (Effect),2200,1800,Cannot be Special Summoned. During the End Phase of the turn this card is Normal Summoned or flipped,4.2,
DM0394,Dark Elf,Monster (Effect),2000,800,This card requires a cost of 1000 of your own Life Points to attack.,4.5,
DM0395,Dark Energy,Spell,,,Increase the ATK and DEF of a Fiend-Type monster equipped with this card by 300 points.,3.5,
DM0396,Dark Factory of Mass Production,Spell,,,Target 2 Normal Monsters in your GY; add them to your hand.,2.3,
DM0397,Dark Flare Knight,Monster (Fusion),2200,800,"""Dark Magician"" + ""Flame Swordsman"" You take no Battle Damage from battles involving this card. When",3.5,
DM0398,Dark Gray,Monster (Normal),800,900,"Entirely gray, this beast has rarely been seen by mortal eyes.",1.5,
DM0399,Dark Hole,Spell,,,Destroy all monsters on the field.,5.1,
DM0400,Dark Jeroid,Monster (Effect),1200,1500,If this card is Summoned: Target 1 face-up monster on the field; it loses 800 ATK.,2.5,
DM0401,Dark King of the Abyss,Monster (Normal),1200,800,It's said that this King of the Netherworld once had the power to rule over the dark.,2.1,
DM0402,Dark Magic Attack,Spell,,,"If you control ""Dark Magician"": Destroy all Spells and Traps your opponent controls.",3.5,
DM0403,Dark Magic Curtain,Spell,,,"Pay half your LP; Special Summon 1 ""Dark Magician"" from your Deck. You cannot Summon other monsters ",3.5,
DM0404,Dark Magician,Monster (Normal),2500,2100,''The ultimate wizard in terms of attack and defense.'',4.1,
DM0405,Dark Magician Girl,Monster (Effect),2000,1700,"Gains 300 ATK for every ""Dark Magician"" or ""Magician of Black Chaos"" in the GY.",3.5,
DM0406,Dark Magician Knight,Monster (Effect),2500,2100,"Cannot be Normal Summoned/Set. Must be Special Summoned with ""Knight's Title"" and cannot be Special ",4.3,
DM0407,Dark Magician of Chaos,Monster (Effect),2800,2600,"During the End Phase, if this card was Normal or Special Summoned this turn: You can target 1 Spell ",4.5,
DM0408,Dark Master - Zorc,Monster (Ritual),2700,1500,"You can Ritual Summon this card with ""Contract with the Dark Master"". Once per turn: You can roll a ",4.3,
DM0409,Dark Mimic LV1,Monster (Effect),100,1000,"FLIP: Draw 1 card. Once per turn, during your Standby Phase: You can send this card to the GY; Speci",2.2,
DM0410,Dark Mimic LV3,Monster (Effect),1000,1000,"If this card is destroyed by battle and sent to the GY: Draw 1 card, but if this card was Special Su",2.2,
DM0411,Dark Mirror Force,Trap,,,When an opponent's monster declares an attack: Banish all Defense Position monsters your opponent co,3.5,
DM0412,Dark Necrofear,Monster (Effect),2200,2800,Cannot be Normal Summoned/Set. Must first be Special Summoned (from your hand) by banishing 3 Fiend ,4.5,
DM0413,Dark Paladin,Monster (Fusion),2900,2400,"""Dark Magician"" + ""Buster Blader""  Must be Fusion Summoned. When a Spell Card is activated (Quick Ef",4.3,
DM0414,Dark Plant,Monster (Normal),300,400,''This mutant flower draws its power from pollutants and the dark forces.'',1.1,
DM0415,Dark Prisoner,Monster (Normal),600,1000,This monster bends light to hide its image from the eyes of opponents.,1.5,
DM0416,Dark Rabbit,Monster (Normal),1100,1500,"He leaps up, down, and all around! Nobody can lay a hand on this funny bunny.",2.3,
DM0417,Dark Room of Nightmare,Spell,,,"Each time your opponent takes damage from a card effect, except ""Dark Room of Nightmare"", inflict 30",2.3,
DM0418,Dark Ruler Ha Des,Monster (Effect),2450,1600,Cannot be Special Summoned from the GY. Negate the effects of monsters destroyed by battle with Fien,4.3,
DM0419,Dark Sage,Monster (Effect),2800,3200,Cannot be Normal Summoned/Set. Must first be Special Summoned (from your hand or Deck) by Tributing ,5.1,
DM0420,Dark Scorpion - Chick the Yellow,Monster (Effect),1000,1000,"When this card inflicts Battle Damage to your opponent, you can activate 1 of these effects: ● Targe",2.2,
DM0421,Dark Scorpion - Cliff the Trap Remover,Monster (Effect),1200,1000,"When this card inflicts Battle Damage to your opponent, you can activate 1 of these effects: ● Targe",2.3,
DM0422,Dark Scorpion - Gorg the Strong,Monster (Effect),1800,1500,"When this card inflicts Battle Damage to your opponent, you can activate 1 of these effects: ● Targe",2.3,
DM0423,Dark Scorpion - Meanae the Thorn,Monster (Effect),1000,1800,"When this card inflicts Battle Damage to your opponent, you can activate 1 of these effects: ● Add 1",3.3,
DM0424,Dark Scorpion Burglars,Monster (Effect),1000,1000,When this card inflicts Battle Damage to your opponent: Your opponent sends 1 Spell Card from their ,2.2,
DM0425,Dark Scorpion Combination,Trap,,,"You can only activate this card when there are ""Don Zaloog"", ""Cliff the Trap Remover"", ""Dark Scorpio",2.3,
DM0426,Dark Shade,Monster (Normal),1000,1000,''A crystal monster that unleashes a brilliant light to blind enemies.'',1.5,
DM0427,Dark Snake Syndrome,Spell,,,During each of your Standby Phases: Inflict damage to both players. This damage begins at 200 and is,2.3,
DM0428,Dark Spirit of the Silent,Trap,,,"Activate only when an opponent's monster declares an attack. Negate that attack, and select another ",3.5,
DM0429,Dark Titan of Terror,Monster (Normal),1300,1100,"A fiend said to dwell in the world of dreams, it attacks enemies in their sleep.",2.1,
DM0430,Dark Witch,Monster (Normal),1800,1700,A popular creature in mythology that delivers fatal attacks with a sharp spear.,2.1,
DM0431,Dark Zebra,Monster (Effect),1800,400,"If this is the only Monster Card in your control during your Standby Phase, it is changed to Defense",3.3,
DM0432,Dark-Eyes Illusionist,Monster (Effect),0,1400,FLIP: Target 1 monster on the field; it cannot attack while this card is face-up on the field.,2.5,
DM0433,Dark-Piercing Light,Spell,,,Flip all face-down monsters on your opponent's side of the field face-up.,2.3,
DM0434,Darkbishop Archfiend,Monster (Effect),300,1400,The controller of this card pays 500 Life Points during each of his/her Standby Phases (this is not ,2.5,
DM0435,Darkfire Dragon,Monster (Fusion),1500,1250,"""Firegrass"" + ""Petit Dragon""",3.3,
DM0436,Darkfire Soldier #1,Monster (Normal),1700,1150,An explosive expert from a special elite force.,2.5,
DM0437,Darkfire Soldier #2,Monster (Normal),1700,1100,A warrior who gained immeasurable power from the heart of a volcano.,2.5,
DM0438,Darklord Marie,Monster (Effect),1700,1200,"Once per turn, during your Standby Phase: You gain 200 LP. This card must be in the Graveyard to act",2.2,
DM0439,Darkness Approaches,Spell,,,Discard 2 cards from your hand. Select 1 face-up monster and change it to face-down Defense Position,1.4,
DM0440,Darkworld Thorns,Monster (Normal),1200,900,A thorny plant found in the darklands that wraps itself around any unwary traveler.,2.1,
DM0441,De-Fusion,Spell,,,"Target 1 Fusion Monster on the field; return that target to the Extra Deck, then, if all the Fusion ",3.5,
DM0442,De-Spell,Spell,,,"Target 1 face-up Spell, or 1 Set Spell/Trap, on the field; destroy that target if it is a Spell. (If",2.3,
DM0443,Deal of Phantom,Trap,,,Select 1 face-up monster on the field. Increase the selected monster's ATK by 100 points for each mo,1.4,
DM0444,Decayed Commander,Monster (Effect),1000,1500,"When this card is Normal Summoned: You can Special Summon 1 ""Zombie Tiger"" from your hand. If this c",2.5,
DM0445,Deck Devastation Virus,Trap,,,"Tribute 1 DARK monster with 2000 or more ATK; look at your opponent's hand, all monsters they contro",3.5,
DM0446,Dedication through Light and Darkness,Spell,,,"Tribute 1 ""Dark Magician""; Special Summon 1 ""Dark Magician of Chaos"" from your hand, Deck, or Gravey",3.5,
DM0447,Deepsea Shark,Monster (Fusion),1900,1600,"""Bottom Dweller"" + ""Tongyo""",3.3,
DM0448,Deepsea Warrior,Monster (Effect),1600,1800,"As long as ""Umi"" is face-up on the field, this card is unaffected by any Spell Cards.",2.3,
DM0449,Dekoichi the Battlechanted Locomotive,Monster (Effect),1400,1000,"FLIP: Draw 1 card, then draw 1 additional card for each face-up ""Bokoichi the Freightening Car"" you ",2.5,
DM0450,Delinquent Duo,Spell,,,"Pay 1000 LP; your opponent discards 1 random card, and if they have any other cards in their hand, d",5.1,
DM0451,Delta Attacker,Spell,,,You can only activate this card while there are 3 Normal Monsters of the same name (except Tokens) o,2.3,
DM0452,Demotion,Spell,,,Downgrade the monster equipped with this card by 2 Levels.,3.5,
DM0453,Des Counterblow,Trap,,,Destroy any monster that inflicts Battle Damage to a player's Life Points by attacking directly.,2.3,
DM0454,Des Dendle,Monster (Effect),300,2000,"Once per turn, during your Main Phase, if you control this monster on the field, you can equip it to",3.5,
DM0455,Des Feral Imp,Monster (Effect),1600,1800,FLIP: Target 1 card in your Graveyard; shuffle that target into the Deck.,3.3,
DM0456,Des Kangaroo,Monster (Effect),1500,1700,If the ATK of a monster that attacks this monster in Defense Position is lower than the DEF of this ,3.2,
DM0457,Des Koala,Monster (Effect),1100,1800,FLIP: Inflict 400 damage to your opponent for each card in their hand.,3.3,
DM0458,Des Lacooda,Monster (Effect),500,600,Once per turn: You can change this card to face-down Defense Position. When this card is Flip Summon,1.5,
DM0459,Des Volstgalph,Monster (Effect),2200,1700,If this card destroys an opponent's monster by battle and sends it to the Graveyard: Inflict 500 dam,4.2,
DM0460,Des Wombat,Monster (Effect),1600,300,Any damage to you from a card effect becomes 0.,3.2,
DM0461,Desert Sunlight,Trap,,,All monsters on your side of the field are changed to face-up Defense Position.,1.4,
DM0462,Desertapir,Monster (Effect),900,300,"FLIP: Flip 1 face-up monster on the field into face-down Defense Position. You cannot select ""Desert",2.2,
DM0463,Despair from the Dark,Monster (Effect),2800,3000,If this card is sent from your hand or Deck to your GY by an opponent's card effect: Special Summon ,5.1,
DM0464,Desrook Archfiend,Monster (Effect),1100,1800,The controller of this card pays 500 Life Points during each of his/her Standby Phases (this is not ,3.3,
DM0465,Destiny Board,Trap,,,"When this card and all 4 ""Spirit Message"" cards with different names are placed on your field, you w",3.5,
DM0466,Destroyer Golem,Monster (Normal),1500,1000,A golem with a massive right hand for crushing its victims.,2.3,
DM0467,Destruction Punch,Trap,,,If the ATK of an attacking monster your opponent controls is lower than the DEF of the attacked Defe,3.5,
DM0468,Destruction Ring,Trap,,,Destroy 1 face-up monster on your side of the field to inflict 1000 points of damage to both players,2.3,
DM0469,Dharma Cannon,Monster (Normal),900,500,A monstrous creature whose body is lined with cannons that never miss their targets.,1.5,
DM0470,Dian Keto the Cure Master,Spell,,,Increase your Life Points by 1000 points.,1.4,
DM0471,Dice Armadillo,Monster (Normal),1650,1800,''An armadillo monster that rolls up to form a dice-like shape.'',2.1,
DM0472,Dice Jar,Monster (Effect),200,300,FLIP: Both players roll a six-sided die. The player with the lower result takes damage equal to thei,1.3,
DM0473,Dice Re-Roll,Trap,,,"One time, during the rest of this turn, if either player(s) rolls a die (or dice), you can have the ",1.4,
DM0474,Different Dimension Capsule,Spell,,,Select 1 card from your Deck and remove it from play face-down. During your 2nd Standby Phase after ,2.3,
DM0475,Different Dimension Dragon,Monster (Effect),1200,1500,This card cannot be destroyed by Spell/Trap effects that do not target it. This card cannot be destr,1.5,
DM0476,Different Dimension Gate,Spell,,,Activate this card by targeting 1 monster on each side of the field; banish those targets. When this,2.3,
DM0477,Diffusion Wave-Motion,Spell,,,"(This card is not treated as a ""Fusion"" card.)  If your opponent controls a monster: Pay 1000 LP, th",3.5,
DM0478,Dig Beak,Monster (Normal),500,800,"This beast coils like a snake, and strikes quickly with its snapping beak.",1.5,
DM0479,Dimension Distortion,Spell,,,You can only activate this card if there are no cards in your Graveyard. Select 1 removed from play ,3.5,
DM0480,Dimension Fusion,Spell,,,Pay 2000 Life Points. Both players Special Summon as many of their removed from play monsters as pos,3.5,
DM0481,Dimension Jar,Monster (Effect),200,200,FLIP: Both players can remove from play up to 3 monsters from their opponent's Graveyard.,1.3,
DM0482,Dimensionhole,Spell,,,Select 1 monster on your side of the field and remove it from play until your next Standby Phase. Wh,2.3,
DM0483,Disappear,Trap,,,Remove from play 1 card from your opponent's Graveyard.,2.3,
DM0484,Disarmament,Trap,,,Destroy all Equip Cards on the field.,3.5,
DM0485,Disc Fighter,Monster (Effect),1000,1000,"If this card attacks a Defense Position monster with DEF 2000 or more, destroy the monster with this",2.2,
DM0486,Disk Magician,Monster (Normal),1350,1000,This monster hides in a saucer and only appears when executing an attack.,2.1,
DM0487,Dissolverock,Monster (Normal),900,1000,"A monster born in the lava pits, it generates intense heat that can melt away its enemies.",1.5,
DM0488,Disturbance Strategy,Trap,,,"Your opponent shuffles their entire hand into the Deck, then draws the same number of cards.",2.3,
DM0489,Divine Dragon Ragnarok,Monster (Normal),1500,1000,"A legendary dragon sent by the gods as their instrument. Legends say that if provoked, the whole wor",2.3,
DM0490,Divine Wrath,Trap,,,"When a monster effect is activated: Discard 1 card; negate the activation, and if you do, destroy th",3.5,
DM0491,Djinn the Watcher of the Wind,Monster (Normal),700,900,''This creature generates gale-force winds and tornadoes to blow its enemies away.'',1.5,
DM0492,Dokuroizo the Grim Reaper,Monster (Normal),900,1200,''A messenger of doom that steals a soul with a single blow.'',2.1,
DM0493,Dokurorider,Monster (Ritual),1900,1850,"This monster can only be Ritual Summoned with the Ritual Spell Card, ""Revival of Dokurorider"". You m",3.3,
DM0494,Dokuroyaiba,Monster (Normal),1000,400,A boomerang with brains that will pursue a target to the ends of the earth.,1.5,
DM0495,Doma The Angel of Silence,Monster (Normal),1600,1400,This fairy rules over the end of existence.,1.5,
DM0496,Don Turtle,Monster (Effect),1100,1200,"When this card is Normal Summoned or Flip Summoned, you can Special Summon any number of ""Don Turtle",2.3,
DM0497,Don Zaloog,Monster (Effect),1400,1500,When this card inflicts battle damage to your opponent: You can activate 1 of these effects;  ● Disc,2.5,
DM0498,Dora of Fate,Trap,,,You can only activate this card during your opponent's turn. Select 1 face-up monster on your oppone,1.4,
DM0499,Doriado,Monster (Normal),1200,1400,''A spirit of the forest powered by the surrounding trees and wildlife.'',2.3,
DM0500,Doriado's Blessing,Spell,,,"This card is used to Ritual Summon ""Elemental Mistress Doriado"". You must also Tribute monsters whos",2.3,
DM0501,Doron,Monster (Normal),900,500,''This monster splits in two and attacks from opposite sides.'',1.5,
DM0502,Dorover,Monster (Normal),900,800,''This ugly monster emits a highly poisonous gas.'',1.5,
DM0503,Double Attack,Spell,,,Discard 1 Monster Card from your hand to the Graveyard. Select 1 monster on your side of the field w,2.3,
DM0504,Double Coston,Monster (Effect),1700,1650,This card can be treated as 2 Tributes for the Tribute Summon of a DARK monster.,3.2,
DM0505,Double Snare,Spell,,,Destroy 1 face-up card on the field that has an effect that negates Trap Cards' effects.,3.5,
DM0506,Double Spell,Spell,,,"Discard 1 Spell Card, then target 1 Spell Card in your opponent's Graveyard; place that target in th",2.3,
DM0507,Dragged Down into the Grave,Spell,,,"Both players reveal their hands, each chooses 1 card from their opponent's hand, then you discard th",2.3,
DM0508,Dragon Capture Jar,Trap,,,"Change all face-up Dragon-Type monsters on the field to Defense Position, also they cannot change th",1.4,
DM0509,Dragon Manipulator,Monster (Effect),700,800,FLIP: Take control of 1 face-up Dragon-Type monster on your opponent's side of the field until the e,2.2,
DM0510,Dragon Master Knight,Monster (Fusion),5000,5000,"""Black Luster Soldier"" + ""Blue-Eyes Ultimate Dragon""  Must be Fusion Summoned. This card gains 500 A",5.1,
DM0511,Dragon Piper,Monster (Effect),200,1800,"FLIP: Destroy all face-up ""Dragon Capture Jar""(s) on the field. If you destroy any, change all face-",3.3,
DM0512,Dragon Seeker,Monster (Effect),2000,2100,"When this card is Normal Summoned or Flip Summoned, destroy 1 face-up Dragon-Type monster on the fie",4.2,
DM0513,Dragon Statue,Monster (Normal),1100,900,''A stone warrior with the heart of a dragon.'',1.5,
DM0514,Dragon Treasure,Spell,,,A Dragon-Type monster equipped with this card increases its ATK and DEF by 300 points.,3.5,
DM0515,Dragon Zombie,Monster (Normal),1600,0,A dragon revived by sorcery. Its breath is highly corrosive.,2.5,
DM0516,Dragon's Gunfire,Spell,,,If you control a Dragon monster: Activate 1 of these effects;  ● Inflict 800 damage to your opponent,3.5,
DM0517,Dragon's Rage,Trap,,,Dragon-Type monsters you control inflict piercing Battle Damage when they attack a Defense Position ,3.5,
DM0518,Dragoness the Wicked Knight,Monster (Fusion),1200,900,"""Armaill"" + ""One-Eyed Shield Dragon""",3.1,
DM0519,Dragonic Attack,Spell,,,This card can only be used to equip Warrior-Type monsters. The equipped monster is treated as Dragon,3.5,
DM0520,Draining Shield,Trap,,,"When an opponent's monster declares an attack: Target the attacking monster; negate that attack, and",3.5,
DM0521,Dramatic Rescue,Trap,,,"Activate only when a card is activated that targets an ""Amazoness"" monster. Return the targeted mons",3.5,
DM0522,Dream Clown,Monster (Effect),1200,900,"When this card is changed from Attack Position to face-up Defense Position, select 1 monster your op",2.3,
DM0523,Dreamsprite,Monster (Effect),300,200,"When attacked by your opponent's monster, select another 1 of your Monster Cards and designate it as",1.3,
DM0524,Drill Bug,Monster (Effect),1100,200,"When this card inflicts Battle Damage to your opponent's Life Points, you can select 1 ""Parasite Par",2.2,
DM0525,Drillago,Monster (Effect),1600,1100,"If the only cards your opponent controls are face-up monsters with 1600 or more ATK, this card can a",3.2,
DM0526,Driving Snow,Trap,,,You can only activate this card when 1 or more of your Trap Cards are destroyed and sent from the fi,3.5,
DM0527,Droll Bird,Monster (Normal),600,500,This monster stuns its enemies with a massive beak and ear-piercing wails.,1.3,
DM0528,Drooling Lizard,Monster (Normal),900,800,A blood-sucking snake in human form that attacks any living being that passes nearby.,1.5,
DM0529,Drop Off,Trap,,,When your opponent draws for their normal draw in their Draw Phase: Your opponent discards 1 card th,2.3,
DM0530,Dummy Golem,Monster (Effect),800,800,FLIP: Your opponent selects 1 monster they control. Switch control of the selected monster and this ,2.2,
DM0531,Dunames Dark Witch,Monster (Normal),1800,1050,"Even when all odds are against this brave fairy, she will press onwards in battle and never retreat.",3.1,
DM0532,Dungeon Worm,Monster (Normal),1800,1500,"Hidden under the floors of a labyrinth, it swallows any who pass above.",2.1,
DM0533,Dust Barrier,Spell,,,Face-up Normal Monsters on the field are unaffected by your opponent's Spell Cards. This card is des,2.3,
DM0534,Dust Tornado,Trap,,,"Target 1 Spell/Trap your opponent controls; destroy that target, then you can Set 1 Spell/Trap from ",3.5,
DM0535,Eagle Eye,Monster (Effect),1300,1200,"When this card is Normal Summoned successfully, no Trap Cards can be activated.",2.3,
DM0536,Earth Chant,Spell,,,This card can be used to Ritual Summon any EARTH Ritual Monster. You must also Tribute monsters from,2.3,
DM0537,Earthbound Spirit,Monster (Normal),500,2000,"A vengeful creature formed by the spirits of fallen warriors, it drags any who dare approach it into",3.3,
DM0538,Earthquake,Spell,,,Change all face-up monsters on the field to Defense Position.,1.4,
DM0539,Earthshaker,Trap,,,Select 2 Monster Card Attributes. Your opponent then selects 1 of the 2 Attributes and destroys all ,2.3,
DM0540,Eatgaboon,Trap,,,"If the ATK of a monster summoned by your opponent (excluding Special Summon) is 500 points or less, ",3.5,
DM0541,Ectoplasmer,Spell,,,"Once per turn, during each player's End Phase: The turn player must Tribute 1 face-up monster, and i",2.3,
DM0542,Ekibyo Drakmord,Spell,,,The equipped monster cannot attack. Destroy the equipped monster at the end of its controller's 2nd ,3.5,
DM0543,Eldeen,Monster (Normal),950,1000,''The cane of this monster is the source of many powerful spells.'',1.5,
DM0544,Electric Lizard,Monster (Effect),850,800,"A non Zombie-Type monster attacking ""Electric Lizard"" cannot attack on its following turn.",2.2,
DM0545,Electric Snake,Monster (Effect),800,900,When this card is discarded from your hand to the Graveyard by an effect of a card controlled by you,2.2,
DM0546,Electro-Whip,Spell,,,Increase the ATK and DEF of a Thunder-Type monster equipped with this card by 300 points.,3.5,
DM0547,Electromagnetic Bagworm,Monster (Effect),200,1400,FLIP: Target 1 Machine-Type monster your opponent controls; take control of that target until your n,2.5,
DM0548,Elegant Egotist,Spell,,,"If ""Harpie Lady"" is on the field: Special Summon 1 ""Harpie Lady"" or ""Harpie Lady Sisters"" from your ",3.5,
DM0549,Element Doom,Monster (Effect),1500,1200,This monster gets the following effect(s) while there is a monster(s) with the following Attribute(s,2.5,
DM0550,Element Dragon,Monster (Effect),1500,1200,This monster gets the following effect(s) while there is a monster(s) with the following Attribute(s,2.5,
DM0551,Element Magician,Monster (Effect),1500,1200,This monster gets the following effect(s) while there is a monster(s) with the following Attribute(s,2.5,
DM0552,Element Saurus,Monster (Effect),1500,1200,Gains the following effect(s) while there is a monster(s) with the following Attribute(s) on the fie,2.5,
DM0553,Element Soldier,Monster (Effect),1500,1200,This monster gets the following effect(s) while there is a monster(s) with the following Attribute(s,2.5,
DM0554,Element Valkyrie,Monster (Effect),1500,1200,"(This card is not treated as a ""Valkyrie"" card.)  This monster gets the following effect(s) while th",2.5,
DM0555,Elemental Burst,Trap,,,"Tribute 1 each of WIND, WATER, FIRE, and EARTH monsters to activate this card. Destroy all cards on ",3.5,
DM0556,Elemental HERO Avian,Monster (Normal),1000,1000,"A winged Elemental HERO who wheels through the sky and manipulates the wind. His signature move, Fea",1.5,
DM0557,Elemental HERO Burstinatrix,Monster (Normal),1200,800,A flame manipulator who was the first Elemental HERO woman. Her Burstfire burns away villainy.,2.1,
DM0558,Elemental HERO Clayman,Monster (Normal),800,2000,An Elemental HERO with a clay body built-to-last. He'll preserve his Elemental HERO colleagues at an,3.3,
DM0559,Elemental HERO Flame Wingman,Monster (Fusion),2100,1200,"""Elemental HERO Avian"" + ""Elemental HERO Burstinatrix"" Must be Fusion Summoned and cannot be Special",3.5,
DM0560,Elemental HERO Sparkman,Monster (Normal),1600,1400,''An Elemental HERO and a warrior of light who proficiently wields many kinds of armaments. His Stat,2.5,
DM0561,Elemental HERO Thunder Giant,Monster (Fusion),2400,1500,"""Elemental HERO Sparkman"" + ""Elemental HERO Clayman"" Must be Fusion Summoned and cannot be Special S",4.1,
DM0562,Elemental Mistress Doriado,Monster (Ritual),1200,1400,"This card can only be Ritual Summoned with the Ritual Spell Card, ""Doriado's Blessing"". The Attribut",3.3,
DM0563,Elephant Statue of Blessing,Monster (Effect),1500,0,When this card is sent from your hand to your Graveyard by an opponent's card effect: You gain 2000 ,2.5,
DM0564,Elephant Statue of Disaster,Monster (Effect),1500,0,When this card is sent from your hand to your Graveyard by an opponent's card effect: Inflict 2000 d,2.5,
DM0565,Elf's Light,Spell,,,A LIGHT monster equipped with this card increases its ATK by 400 points and decreases its DEF by 200,3.5,
DM0566,Emblem of Dragon Destroyer,Spell,,,"Add 1 ""Buster Blader"" from your Deck or Graveyard to your hand.",2.3,
DM0567,Embodiment of Apophis,Trap,,,During either player's Main Phase: Special Summon this card as a Normal Monster (Reptile-Type/EARTH/,3.5,
DM0568,Embryonic Beast,Monster (Normal),500,750,''An imperfect monster with a belly vortex that sucks in opponents of any size.'',1.3,
DM0569,Emergency Provisions,Spell,,,Send any number of other Spell/Trap Cards you control to the Graveyard; gain 1000 LP for each card s,3.5,
DM0570,Emes the Infinity,Monster (Effect),2500,2000,Each time this card destroys an opponent's monster and sends it to the Graveyard as a result of batt,4.3,
DM0571,Emissary of the Afterlife,Monster (Effect),1600,600,When this card is sent from the field to the Graveyard: Each player adds 1 Level 3 or lower Normal M,3.2,
DM0572,Emissary of the Oasis,Monster (Effect),600,400,"While a face-up Level 3 or lower Normal Monster is on your side of the field, your opponent cannot s",1.5,
DM0573,Emperor of the Land and Sea,Monster (Normal),1800,1500,''A reptilian monster that sprays fire in every direction.'',2.1,
DM0574,Empress Judge,Monster (Fusion),2100,1700,"""Queen's Double"" + ""Hibikime""",3.5,
DM0575,Empress Mantis,Monster (Normal),2200,1400,Queen of an army of giant mantises whose command moves legions.,3.5,
DM0576,Enchanted Javelin,Trap,,,Select 1 attacking monster. Gain Life Points equal to its ATK.,1.4,
DM0577,Enchanting Fitting Room,Spell,,,Pay 800 LP; excavate the top 4 cards of your Deck and Special Summon all excavated Level 3 or lower ,3.5,
DM0578,Enchanting Mermaid,Monster (Normal),1200,900,A beautiful mermaid that lures voyagers to a watery grave.,2.1,
DM0579,Enemy Controller,Spell,,,Activate 1 of these effects. ● Target 1 face-up monster your opponent controls; change that target's,3.5,
DM0580,Energy Drain,Trap,,,Target 1 face-up monster you control; it gains 200 ATK/DEF for each card your opponent currently has,3.5,
DM0581,Enervating Mist,Trap,,,Your opponent's hand size limit becomes 5.,2.3,
DM0582,Enraged Battle Ox,Monster (Effect),1700,1000,"If a Beast, Beast-Warrior, or Winged Beast-Type monster you control attacks a Defense Position monst",3.2,
DM0583,Enraged Muka Muka,Monster (Effect),1200,600,This card gains 400 ATK and DEF for each card in your hand.,1.3,
DM0584,Eradicating Aerosol,Spell,,,Destroy all Insect monsters on the field.,3.5,
DM0585,Eria the Water Charmer,Monster (Effect),500,1500,FLIP: Target 1 face-up WATER monster your opponent controls; take control of that target while this ,2.5,
DM0586,Eternal Drought,Spell,,,Destroy all face-up Fish-Type monsters on the field.,3.5,
DM0587,Eternal Rest,Spell,,,Destroy all monsters equipped with Equip Cards.,3.5,
DM0588,Exarion Universe,Monster (Effect),1800,1900,"During your Battle Step, if this card attacks a Defense Position monster: You can make this card los",3.5,
DM0589,Exchange,Spell,,,Both players reveal their hands and add 1 card from each other's hand to their hand.,2.3,
DM0590,Exchange of the Spirit,Trap,,,If both players have 15 or more cards in their Graveyards: Pay 1000 LP; each player swaps the cards ,2.3,
DM0591,Exhausting Spell,Trap,,,Remove all Spell Counters on both sides of the field.,2.3,
DM0592,Exile of the Wicked,Spell,,,Destroy all Fiend monsters on the field.,3.5,
DM0593,Exiled Force,Monster (Effect),1000,1000,You can Tribute this card to target 1 monster on the field; destroy that target.,4.1,
DM0594,Exodia Necross,Monster (Effect),1800,0,"Cannot be Normal Summoned/Set. Must be Special Summoned with ""Contract with Exodia"", and cannot be S",3.3,
DM0595,Exodia the Forbidden One,Monster (Effect),1000,1000,"If you have ""Right Leg of the Forbidden One"", ""Left Leg of the Forbidden One"", ""Right Arm of the For",4.5,
DM0596,Eyearmor,Monster (Normal),600,500,''This warrior transforms into various creatures to confuse enemies in battle.'',1.3,
DM0597,Fairy Box,Trap,,,"When your opponent's monster declares an attack: Toss a coin and call it. If you call it right, the ",2.3,
DM0598,Fairy Dragon,Monster (Normal),1100,1200,This beautiful Dragon spirit harbors hidden strength.,2.1,
DM0599,Fairy Guardian,Monster (Effect),1000,1000,Tribute this face-up card to return 1 Spell Card sent to your Graveyard by your opponent's card effe,2.2,
DM0600,Fairy King Truesdale,Monster (Effect),2200,1500,"While this card is in Defense Position, all Plant-Type monsters you control gain 500 ATK and DEF.",4.2,
DM0601,Fairy Meteor Crush,Spell,,,"If the equipped monster attacks a Defense Position monster, inflict piercing battle damage to your o",3.5,
DM0602,Fairy of the Fountain,Monster (Normal),1600,1100,''This fairy protects a fountain from any who seek to muddy its waters.'',2.5,
DM0603,Fairy of the Spring,Spell,,,Target 1 Equip Spell Card in your Graveyard; add that target to your hand. That Equip Spell Card can,3.5,
DM0604,Fairy's Gift,Monster (Normal),1400,1000,This flying monster is known for delivering happiness to all.,2.3,
DM0605,Fairy's Hand Mirror,Trap,,,When your opponent activates a Spell Card that targets exactly 1 monster (and no other cards) on the,2.3,
DM0606,Fairywitch,Monster (Normal),800,1000,"Though destined to be a fairy, this creature chose the way of the witch instead.",1.5,
DM0607,Faith Bird,Monster (Normal),1500,1100,This long-tailed bird blinds its enemies with mystical light.,2.3,
DM0608,Fake Trap,Trap,,,"Activate only when your opponent activates a Spell, Trap, or Effect Monster's effect that would dest",3.5,
DM0609,Falling Down,Spell,,,Activate this card by targeting an opponent's monster; equip this card to it. Take control of it. De,3.5,
DM0610,Familiar Knight,Monster (Effect),1200,1400,When this card is destroyed by battle and sent to the Graveyard: Each player can Special Summon 1 Le,2.5,
DM0611,Fatal Abacus,Trap,,,"Each time 1 monster is sent from the field to the Graveyard, inflict 500 points of damage per card t",1.4,
DM0612,Fear from the Dark,Monster (Effect),1700,1500,When this card is sent from your hand or Deck to your Graveyard by an opponent's card effect: Specia,3.2,
DM0613,Fengsheng Mirror,Spell,,,Look at your opponent's hand. Select and discard 1 Spirit monster to the Graveyard if Spirit monster,2.3,
DM0614,Fenrir,Monster (Effect),1400,1200,This card cannot be Normal Summoned or Set. This card can only be Special Summoned by removing from ,2.5,
DM0615,Feral Imp,Monster (Normal),1300,1400,"A playful little fiend that lurks in the dark, waiting to attack an unwary enemy.",2.3,
DM0616,Fiber Jar,Monster (Effect),500,500,"FLIP: Each player shuffles all cards from their hand, field, and Graveyard into the Deck, then draws",5.1,
DM0617,Fiend Comedian,Trap,,,"Toss a coin and call it. If you call it right, all your opponent's cards in the Graveyard are remove",2.3,
DM0618,Fiend Kraken,Monster (Normal),1200,1400,A giant squid that drags its enemies to a watery grave.,2.3,
DM0619,Fiend Reflection #1,Monster (Normal),1300,1400,This monster can draw its enemies into a mirror world that renders them helpless.,2.3,
DM0620,Fiend Reflection #2,Monster (Normal),1100,1400,A bird-beast that summons reinforcements with a hand mirror.,2.3,
DM0621,Fiend Scorpion,Monster (Normal),900,200,"A huge scorpion inhabited by the soul of a fiend. Usually it holds back, but has untapped potential.",1.5,
DM0622,Fiend Skull Dragon,Monster (Fusion),2000,1200,"""Cave Dragon"" + ""Lesser Fiend""  (This card is always treated as an ""Archfiend"" card.)  A Fusion Summ",3.3,
DM0623,Fiend Sword,Monster (Normal),1400,800,''Whoever resists the curse of this blade will gain untold power.'',2.3,
DM0624,Fiend's Hand,Monster (Normal),600,600,''Arms that reach out from the Swamp of Chaos to drag down the unwary.'',1.3,
DM0625,Fiend's Hand Mirror,Trap,,,Switch the opponent's Spell Card effect that targets 1 Spell or Trap Card to another correct target.,2.3,
DM0626,Fiend's Mirror,Monster (Ritual),2100,1800,"You can Ritual Summon this card with ""Beastly Mirror Ritual"".",3.5,
DM0627,Fiend's Sanctuary,Spell,,,"Special Summon 1 ""Metal Fiend Token"" (Fiend/DARK/Level 1/ATK 0/DEF 0). It cannot attack. Your oppone",3.5,
DM0628,Final Attack Orders,Trap,,,All face-up monsters on the field are changed to Attack Position and their battle positions cannot b,2.3,
DM0629,Final Countdown,Spell,,,Pay 2000 Life Points. After 20 turns have passed (counting the turn you activate this card as the 1s,2.3,
DM0630,Final Destiny,Spell,,,Discard 5 cards from your hand. Destroy all cards on the field.,3.5,
DM0631,Final Flame,Spell,,,Inflict 600 points of damage to your opponent's Life Points.,2.3,
DM0632,Final Ritual of the Ancients,Spell,,,"This card is used to Ritual Summon ""Reshef the Dark Being"". You must also Tribute monsters whose tot",2.3,
DM0633,Fire Eye,Monster (Normal),800,600,''An eye engulfed in flames that flaps its wings to create hot blasts of air.'',1.5,
DM0634,Fire Kraken,Monster (Normal),1600,1500,A squid that thrives on fire and heat.,2.5,
DM0635,Fire Princess,Monster (Effect),1300,1500,"Each time you gain Life Points, inflict 500 damage to your opponent.",2.5,
DM0636,Fire Reaper,Monster (Normal),700,500,A reaper with a flaming arrow that burns an enemy to a crisp.,1.3,
DM0637,Fire Sorcerer,Monster (Effect),1000,1500,FLIP: Randomly select 2 cards from your hand and remove them from play to inflict 800 points of dama,2.5,
DM0638,Firebird,Monster (Effect),1000,800,"Each time a Winged Beast-Type monster(s) on your side of the field is destroyed, this card gains 500",2.2,
DM0639,Firegrass,Monster (Normal),700,600,A fire-breathing plant found growing near volcanoes.,1.3,
DM0640,Firewing Pegasus,Monster (Normal),2250,1800,A heavenly stallion soaring through the skies on crimson wings.,3.5,
DM0641,Fireyarou,Monster (Normal),1300,1000,A malevolent creature wrapped in flames that attacks enemies with intense fire.,2.1,
DM0642,Fissure,Spell,,,"Destroy the 1 face-up monster your opponent controls that has the lowest ATK (your choice, if tied).",3.5,
DM0643,Five-Headed Dragon,Monster (Fusion),5000,5000,"5 Dragon monsters  Must be Fusion Summoned. Cannot be destroyed by battle with a DARK, EARTH, WATER,",5.1,
DM0644,Flame Cerebrus,Monster (Normal),2100,1800,"Known to many as the ""Burning Executioner"", this monster is capable of burning enemies to cinders.",3.5,
DM0645,Flame Champion,Monster (Normal),1900,1300,A warrior protected by a flaming shield that nullifies any attack.,2.3,
DM0646,Flame Dancer,Monster (Normal),550,450,This monster moves while swinging its burning rope.,1.3,
DM0647,Flame Ghost,Monster (Fusion),1000,800,"""Skull Servant"" + ""Dissolverock""",3.5,
DM0648,Flame Manipulator,Monster (Normal),900,1000,"This Spellcaster attacks enemies with fire-related spells such as ""Sea of Flames"" and ""Wall of Fire""",1.5,
DM0649,Flame Ruler,Monster (Effect),1500,1600,This card can be treated as 2 Tributes for the Tribute Summon of a FIRE monster.,3.2,
DM0650,Flame Swordsman,Monster (Fusion),1800,1600,"""Flame Manipulator"" + ""Masaki the Legendary Swordsman""",3.1,
DM0651,Flame Viper,Monster (Normal),400,450,A fire-breathing snake whose speed makes it a difficult target.,1.1,
DM0652,Flash Assailant,Monster (Effect),2000,2000,Decrease the ATK and DEF of this card by 400 points for each card in your hand.,4.5,
DM0653,Flint,Spell,,,The equipped monster loses 300 ATK and cannot change its battle position or declare an attack. If th,3.5,
DM0654,Flower Wolf,Monster (Fusion),1800,1400,"""Silver Fang"" + ""Darkworld Thorns""",3.1,
DM0655,Flying Fish,Monster (Normal),800,500,Three wishes are granted to those fortunate enough to see this monster in flight.,1.5,
DM0656,Flying Kamakiri #1,Monster (Effect),1400,900,When this card is destroyed by battle and sent to the Graveyard: You can Special Summon 1 WIND monst,2.5,
DM0657,Flying Kamakiri #2,Monster (Normal),1500,800,A flying mantis that feeds primarily on insects.,2.3,
DM0658,Flying Penguin,Monster (Normal),1200,1000,A very rare penguin that takes to the air with ears shaped like wings.,2.1,
DM0659,Follow Wind,Spell,,,Increase the ATK and DEF of a Winged Beast-Type monster equipped with this card by 300 points.,3.5,
DM0660,Foolish Burial,Spell,,,Send 1 monster from your Deck to the GY.,2.3,
DM0661,Forced Ceasefire,Trap,,,Discard 1 card from your hand. No Trap Cards can be activated until the end of this turn.,2.3,
DM0662,Forced Requisition,Trap,,,"You can activate this card when you discard from your hand. After that, each time you discard from y",2.3,
DM0663,Forest,Spell,,,"All Insect, Beast, Plant, and Beast-Warrior monsters on the field gain 200 ATK/DEF.",1.4,
DM0664,Formation Union,Trap,,,Select and activate 1 of the following effects: ● Equip 1 Union Monster on your side of the field to,3.5,
DM0665,Fortress Whale,Monster (Ritual),2350,2150,"You can Ritual Summon this card with ""Fortress Whale's Oath"".",3.5,
DM0666,Fortress Whale's Oath,Spell,,,"This card is used to Ritual Summon ""Fortress Whale"". You must also Tribute monsters from your hand o",2.3,
DM0667,Fox Fire,Monster (Effect),300,200,"During the End Phase, if this card was destroyed by battle and sent to the Graveyard this turn and w",1.3,
DM0668,Freed the Brave Wanderer,Monster (Effect),1700,1200,Once per turn: You can banish 2 LIGHT monsters from your Graveyard to target 1 face-up monster on th,3.2,
DM0669,Freed the Matchless General,Monster (Effect),2300,1700,"Negate any Spell effects that target this card, and if you do, destroy that Spell Card. During your ",4.2,
DM0670,Freezing Beast,Monster (Effect),1500,1000,"Once per turn, during your Main Phase, if you control this monster on the field, you can equip it to",2.5,
DM0671,Frenzied Panda,Monster (Normal),1200,1000,A savage beast that carries a big bamboo stick for beating down its enemies.,2.1,
DM0672,Frontier Wiseman,Monster (Effect),1600,800,"Negate any Spell effects that target a Warrior-Type monster you control, and if you do, destroy that",3.2,
DM0673,Frontline Base,Spell,,,Once per turn: You can Special Summon 1 Level 4 or lower Union monster from your hand.,3.5,
DM0674,Frozen Soul,Trap,,,You can only activate this card when your Life Points are at least 2000 lower than your opponent's. ,2.3,
DM0675,Fruits of Kozaky's Studies,Trap,,,Look at the top 3 cards of your Deck and return those cards to the top of the Deck in any order.,2.3,
DM0676,Fuh-Rin-Ka-Zan,Trap,,,"When there are face-up WIND, WATER, FIRE and EARTH monster(s) on the field: Apply 1 of these effects",3.5,
DM0677,Fuhma Shuriken,Spell,,,"Equip only to a ""Ninja"" monster. It gains 700 ATK. When this card is sent from the field to the Grav",3.5,
DM0678,Fulfillment of the Contract,Spell,,,"Activate this card by paying 800 LP, then target 1 Ritual Monster in your GY; Special Summon it and ",3.5,
DM0679,Fungi of the Musk,Monster (Normal),400,300,''Melts away anything that dares to stand before it.'',1.1,
DM0680,Fushi No Tori,Monster (Effect),1200,0,This card cannot be Special Summoned. This card returns to the owner's hand during the End Phase of ,2.3,
DM0681,Fushioh Richie,Monster (Effect),2600,2900,This card cannot be Normal Summoned or Set. This card can only be Special Summoned from your hand or,4.5,
DM0682,"Fusilier Dragon, the Dual-Mode Beast",Monster (Effect),2800,2000,"You can Normal Summon/Set this card without Tributing, but its original ATK and DEF become halved.",4.5,
DM0683,Fusion Gate,Spell,,,While this card is on the field: The turn player can Fusion Summon 1 Fusion Monster from their Extra,2.3,
DM0684,Fusion Sage,Spell,,,"Add 1 ""Polymerization"" from your Deck to your hand.",2.3,
DM0685,Fusion Sword Murasame Blade,Spell,,,"Equip only to a Warrior-Type monster. It gains 800 ATK. While equipped to a monster, this card canno",3.5,
DM0686,Fusion Weapon,Spell,,,Equip only to a Level 6 or lower Fusion Monster. The equipped monster gains 1500 ATK and DEF.,3.5,
DM0687,Fusionist,Monster (Fusion),900,700,"""Petit Angel"" + ""Mystical Sheep #2""",3.5,
DM0688,Gadget Soldier,Monster (Normal),1800,2000,A rust-free machine warrior born to battle.,3.3,
DM0689,Gagagigo,Monster (Normal),1850,1000,"This young evildoer used to have an evil heart, but by meeting a special person, he discovered justi",3.1,
DM0690,Gaia Power,Spell,,,All EARTH monsters gain 500 ATK and lose 400 DEF.,1.4,
DM0691,Gaia Soul the Combustible Collective,Monster (Effect),2000,0,Once per turn: You can Tribute up to 2 Pyro-Type monsters; this card gains 1000 ATK for each. If thi,4.5,
DM0692,Gaia The Fierce Knight,Monster (Normal),2300,2100,''A knight whose horse travels faster than the wind. His battle-charge is a force to be reckoned wit,2.5,
DM0693,Gaia the Dragon Champion,Monster (Fusion),2600,2100,"""Gaia The Fierce Knight"" + ""Curse of Dragon""",4.3,
DM0694,Gale Dogra,Monster (Effect),650,600,You can pay 3000 Life Points to send 1 monster from your Extra Deck to the Graveyard.,1.5,
DM0695,Gale Lizard,Monster (Effect),1400,700,FLIP: Target 1 monster your opponent controls; return that target to the hand.,2.5,
DM0696,Gamble,Trap,,,You can only activate this card when your opponent's hand is 6 or more cards and your hand is 2 or l,2.3,
DM0697,Gamma the Magnet Warrior,Monster (Normal),1500,1800,"Alpha, Beta, and Gamma meld as one to form a powerful monster.",3.1,
DM0698,Ganigumo,Monster (Normal),600,800,''A crab that binds its enemies with a sticky web and attacks them with its sharp claws.'',1.5,
DM0699,Garma Sword,Monster (Ritual),2550,2150,"This card can only be Ritual Summoned with the Ritual Spell Card, ""Garma Sword Oath"".",4.1,
DM0700,Garma Sword Oath,Spell,,,"This card is used to Ritual Summon ""Garma Sword"". You must also Tribute monsters whose total Levels ",2.3,
DM0701,Garnecia Elefantis,Monster (Normal),2400,2000,A monster so heavy that each step rocks the earth.,3.1,
DM0702,Garoozis,Monster (Normal),1800,1500,An axe-swinging beast-warrior with the head of a dragon.,2.1,
DM0703,Garuda the Wind Spirit,Monster (Effect),1600,1200,This card cannot be Normal Summoned or Set. This card can only be Special Summoned by removing from ,3.2,
DM0704,Garvas,Monster (Normal),2000,1700,''A wicked beast that resembles a winged lion.'',3.3,
DM0705,Gate Deeg,Monster (Normal),700,800,''This weird monster has a portal in its belly that brings reinforcements from the farthest reaches ,1.5,
DM0706,Gate Guardian,Monster (Effect),3750,3400,"Cannot be Normal Summoned/Set. Must first be Special Summoned (from your hand) by Tributing 1 ""Sanga",5.1,
DM0707,Gatekeeper,Monster (Normal),1500,1800,An indestructible mechanoid created for the sole purpose of guarding the gateways.,2.1,
DM0708,Gather Your Mind,Spell,,,"Add 1 ""Gather Your Mind"" card from your Deck to your hand. Your Deck is then shuffled. You can only ",2.3,
DM0709,Gatling Dragon,Monster (Fusion),2600,1200,"""Barrel Dragon"" + ""Blowback Dragon""  Once per turn: You can toss a coin 3 times and destroy as many ",4.3,
DM0710,Gazelle the King of Mythical Beasts,Monster (Normal),1500,1200,This monster moves so fast that it looks like an illusion to mortal eyes.   (This card is always tre,2.3,
DM0711,Gear Golem the Moving Fortress,Monster (Effect),800,2200,"Once per turn, during your Main Phase 1: You can pay 800 Life Points; this card can attack your oppo",4.2,
DM0712,Gearfried the Iron Knight,Monster (Effect),1800,1600,If either player equips an Equip Card(s) to this card: Destroy that Equip Card(s).,3.3,
DM0713,Gearfried the Swordmaster,Monster (Effect),2600,2200,"Cannot be Normal Summoned/Set. Must be Special Summoned with ""Release Restraint"". Each time an Equip",4.5,
DM0714,Gemini Elf,Monster (Normal),1900,900,Elf twins that alternate their attacks.,4.3,
DM0715,Gemini Imps,Monster (Effect),1000,1000,"During either player's turn, when your opponent activates a Spell Card, Trap Card, or monster effect",2.2,
DM0716,Genin,Monster (Normal),600,900,''A creature that defeats its enemies using sleight-of-hand.'',1.5,
DM0717,Germ Infection,Spell,,,The ATK of a non Machine-Type monster equipped with this card is decreased by 300 points at each of ,3.5,
DM0718,Gernia,Monster (Effect),1300,1200,"During your next Standby Phase, after this face-up card you control was destroyed and sent to your G",2.3,
DM0719,Getsu Fuhma,Monster (Effect),1700,1200,"If this card battles a Fiend or Zombie-Type monster, destroy that monster at the end of the Damage S",3.2,
DM0720,Ghost Knight of Jackal,Monster (Effect),1700,1600,You can Special Summon an opponent's monster that is destroyed and sent to the Graveyard by this car,2.2,
DM0721,Ghoul with an Appetite,Monster (Normal),1600,1200,''A monster with a heavy appetite that has never been satisfied.'',2.5,
DM0722,Giant Axe Mummy,Monster (Effect),1700,2000,You can flip this card into face-down Defense Position once per turn during your Main Phase. If the ,3.5,
DM0723,Giant Flea,Monster (Normal),1500,1200,A massive flea that feeds on the blood of its enemies.,2.3,
DM0724,Giant Germ,Monster (Effect),1000,100,When this card is destroyed by battle and sent to the Graveyard: Inflict 500 damage to your opponent,2.2,
DM0725,Giant Mech-Soldier,Monster (Normal),1750,1900,This monster swings an earth-shaking axe that cannot be blocked by a common sword.,2.3,
DM0726,Giant Orc,Monster (Effect),2200,0,"If this card attacks, it is changed to Defense Position at the end of the Battle Phase. You cannot c",5.1,
DM0727,Giant Rat,Monster (Effect),1400,1450,When this card is destroyed by battle and sent to the Graveyard: You can Special Summon 1 EARTH mons,2.5,
DM0728,Giant Red Seasnake,Monster (Normal),1800,800,A sea-dwelling snake that attacks passing enemies with its sharp teeth.,3.1,
DM0729,Giant Scorpion of the Tundra,Monster (Normal),1100,1000,"''An extraordinary blue scorpion found in the tundra, not in the desert.''",1.5,
DM0730,Giant Soldier of Stone,Monster (Normal),1300,2000,A giant warrior made of stone. A punch from this creature has earth-shaking results.,3.3,
DM0731,Giant Trunade,Spell,,,Return all Spell and Trap Cards on the field to the hand.,2.3,
DM0732,Giant Turtle Who Feeds on Flames,Monster (Normal),1400,1800,A crimson-shelled tortoise that feeds on flames.,2.1,
DM0733,Gift of The Mystical Elf,Trap,,,Increase your Life Points by 300 points for each monster on the field.,1.4,
DM0734,Gift of the Martyr,Spell,,,Send 1 monster on your side of the field to the Graveyard. Select 1 monster on your side of the fiel,1.4,
DM0735,Giga Gagagigo,Monster (Normal),2450,1500,"In order to fight tremendous evil, he gained formidable power through body reconstruction, but lost ",4.1,
DM0736,Giga-Tech Wolf,Monster (Normal),1200,1400,An iron wolf with razor-sharp fangs that can penetrate any armor.,2.3,
DM0737,Gigantes,Monster (Effect),1900,1300,Cannot be Normal Summoned/Set. Must first be Special Summoned (from your hand) by banishing 1 EARTH ,4.5,
DM0738,Giganto,Monster (Normal),1700,1800,A massive steel ball that mows down anything in its path.,2.1,
DM0739,Gigobyte,Monster (Normal),350,300,"He has a tranquil soul, but carries a destiny that one day his heart shall be tainted by evil....",1.1,
DM0740,Gil Garth,Monster (Normal),1800,1200,This steel-armored terror machine ruthlessly strikes down enemies with its giant katana.,3.1,
DM0741,Gilasaurus,Monster (Effect),1400,400,You can Special Summon this card (from your hand). If Summoned this way: Activate this effect; your ,2.5,
DM0742,Gilford the Lightning,Monster (Effect),2800,1400,You can Tribute 3 monsters to Tribute Summon (but not Set) this card. If Summoned this way: Destroy ,4.5,
DM0743,Giltia the D. Knight,Monster (Fusion),1850,1500,"""Guardian of the Labyrinth"" + ""Protector of the Throne""",3.1,
DM0744,Girochin Kuwagata,Monster (Normal),1700,1000,"Despite its small size, this monster has powerful jaws that can rip metal to shreds.",2.5,
DM0745,Goblin Attack Force,Monster (Effect),2300,0,"If this card attacks, it is changed to Defense Position at the end of the Battle Phase, and its batt",5.1,
DM0746,Goblin Calligrapher,Monster (Normal),400,400,"A Goblin who devotes himself to mastering perfect calligraphy of the word ""False"". He gives his all ",1.1,
DM0747,Goblin Fan,Trap,,,"When a Level 2 or lower monster is Flip Summoned, destroy it. Its effects do not activate at that ti",2.3,
DM0748,Goblin King,Monster (Effect),0,0,"While you control another Fiend-Type monster, this card cannot be attacked. The ATK and DEF of this ",1.3,
DM0749,Goblin Thief,Spell,,,Inflict 500 points of damage to your opponent's Life Points and increase your Life Points by 500 poi,1.4,
DM0750,Goblin Zombie,Monster (Effect),1100,1050,If this card inflicts battle damage to your opponent: Send the top card of their Deck to the GY. If ,2.2,
DM0751,Goblin of Greed,Monster (Effect),1000,1800,"As long as this card remains face-up on your side of the field, neither player can activate an effec",3.3,
DM0752,Goblin's Secret Remedy,Spell,,,Increase your Life Points by 600 points.,1.4,
DM0753,Goddess of Whim,Monster (Effect),950,700,"Once per turn: You can toss a coin and call Heads or Tails. If you call it right, double this card's",2.2,
DM0754,Goddess with the Third Eye,Monster (Effect),1200,1000,"You can substitute this card for any 1 Fusion Material Monster. When you do this, the other Fusion M",2.3,
DM0755,Gogiga Gagagigo,Monster (Normal),2950,2800,"His soul long-since collapsed, his body recklessly continues onward, driven by a lust for more power",4.3,
DM0756,Gokibore,Monster (Normal),1200,1400,"A large, spherical roach that attacks its enemies by rolling over them.",2.3,
DM0757,Golem Sentry,Monster (Effect),800,1800,Once per turn: You can change this card to face-down Defense Position. When this card is Flip Summon,3.3,
DM0758,Golgoil,Monster (Normal),900,1600,An iron giant that appears from a dimensional rift.,2.5,
DM0759,Good Goblin Housekeeping,Trap,,,"Draw cards equal to the number of ""Good Goblin Housekeeping"" cards in your Graveyard +1, then select",3.5,
DM0760,Gora Turtle,Monster (Effect),1100,1100,"As long as this card remains face-up on the field, monsters with an ATK equal to 1900 or more cannot",2.2,
DM0761,Gora Turtle of Illusion,Monster (Effect),1200,1400,Negate the effect of Spell and Trap Cards controlled by your opponent that target this face-up card ,2.5,
DM0762,Gorgon Egg,Monster (Normal),300,1300,''The gorgon egg's massive eyes are said to reflect the fate of its enemies.'',2.1,
DM0763,Gorgon's Eye,Trap,,,"Until the end of this turn, all effects of Defense Position monsters are negated.",3.5,
DM0764,Graceful Charity,Spell,,,"Draw 3 cards, then discard 2 cards.",5.1,
DM0765,Graceful Dice,Spell,,,"Roll a six-sided die. All monsters you currently control gain ATK/DEF equal to the result x 100, unt",3.5,
DM0766,Gradius,Monster (Normal),1200,800,A high-performance jet fighter with power capsules for variable attack capabilities.,2.1,
DM0767,Gradius' Option,Monster (Effect),0,0,This card cannot be Normal Summoned or Set. This monster can only be Special Summoned by selecting 1,1.3,
DM0768,Granadora,Monster (Effect),1900,700,"When this monster is Normal Summoned, Flip Summoned or Special Summoned, increase your Life Points b",4.5,
DM0769,Grand Tiki Elder,Monster (Normal),1500,800,A masked monster that wields the most deadly of curses.,2.3,
DM0770,Granmarg the Rock Monarch,Monster (Effect),2400,1000,If this card is Tribute Summoned: Target 1 Set card on the field; destroy that target.,4.3,
DM0771,Grappler,Monster (Normal),1300,1200,A devious snake with a thick body that wraps around an enemy monster and squeezes the life out of it,2.1,
DM0772,Grave Lure,Trap,,,"Turn the top card of your opponent's Deck face-up, then your opponent shuffles their Deck. When your",2.3,
DM0773,Grave Ohja,Monster (Effect),1600,1500,"While there is a face-down Defense Position monster(s) on your side of the field, no player can sele",3.2,
DM0774,Grave Protector,Monster (Effect),0,2000,Any monster destroyed by battle is shuffled into the Deck instead of going to the Graveyard.,3.5,
DM0775,Gravedigger Ghoul,Spell,,,Select up to 2 Monster Card(s) from your opponent's Graveyard. Remove the selected card(s) from play,2.3,
DM0776,Gravekeeper's Assailant,Monster (Effect),1500,1500,"When this card declares an attack while ""Necrovalley"" is on the field: You can target 1 face-up mons",2.5,
DM0777,Gravekeeper's Cannonholder,Monster (Effect),1400,1200,"You can Tribute 1 ""Gravekeeper's"" monster, except ""Gravekeeper's Cannonholder""; inflict 700 damage t",2.5,
DM0778,Gravekeeper's Chief,Monster (Effect),1900,1200,"You can only control 1 face-up ""Gravekeeper's Chief"". Your GY is unaffected by ""Necrovalley"". When t",2.5,
DM0779,Gravekeeper's Curse,Monster (Effect),800,800,If this card is Summoned: Inflict 500 damage to your opponent.,2.2,
DM0780,Gravekeeper's Guard,Monster (Effect),1000,1900,FLIP: Target 1 monster your opponent controls; return that target to the hand.,3.5,
DM0781,Gravekeeper's Servant,Spell,,,Your opponent must send 1 card from the top of their Deck to the Graveyard to declare an attack.,2.3,
DM0782,Gravekeeper's Spear Soldier,Monster (Effect),1500,1000,"If this card attacks a Defense Position monster, inflict piercing Battle Damage to your opponent.",2.5,
DM0783,Gravekeeper's Spy,Monster (Effect),1200,2000,"FLIP: Special Summon 1 ""Gravekeeper's"" monster with 1500 or less ATK from your Deck.",3.5,
DM0784,Gravekeeper's Vassal,Monster (Effect),700,500,Any battle damage this card inflicts to your opponent is treated as effect damage instead.,1.5,
DM0785,Gravekeeper's Watcher,Monster (Effect),1000,1000,"During either player's turn, when your opponent activates a Spell/Trap Card or monster effect that c",2.2,
DM0786,Graverobber,Trap,,,Select 1 Spell Card from your opponent's Graveyard. You can use it as your hand until the end of the,2.3,
DM0787,Graverobber's Retribution,Trap,,,"During each of your Standby Phases, inflict 100 points of damage to your opponent's Life Points for ",2.3,
DM0788,Graveyard and the Hand of Invitation,Monster (Normal),700,900,''A graveyard that serves as a power source for zombies.'',1.5,
DM0789,Gravity Axe - Grarl,Spell,,,The equipped monster gains 500 ATK. Monsters your opponent controls cannot change their battle posit,3.5,
DM0790,Gravity Bind,Trap,,,Level 4 or higher monsters cannot attack.,3.5,
DM0791,Gray Wing,Monster (Effect),1300,700,Discard 1 card from your hand during your Main Phase 1. This monster can attack twice during the Bat,2.3,
DM0792,Great Angus,Monster (Normal),1800,600,"A very violent beast, it is always berserk. People say that they have never seen it silent.",3.1,
DM0793,Great Bill,Monster (Normal),1250,1300,Nothing escapes from this beast's massive mouth.,2.1,
DM0794,Great Dezard,Monster (Effect),1900,2300,"When this monster destroys the following number of monsters as a result of battle, the following eff",4.2,
DM0795,Great Long Nose,Monster (Effect),1900,1700,This card cannot be Special Summoned. This card returns to the owner's hand during the End Phase of ,2.5,
DM0796,Great Maju Garzett,Monster (Effect),0,0,The ATK of this card becomes twice the original ATK of 1 monster that you Tributed for the Tribute S,1.3,
DM0797,Great Mammoth of Goldfine,Monster (Fusion),2200,1800,"""The Snake Hair"" + ""Dragon Zombie""",3.5,
DM0798,Great Moth,Monster (Effect),2600,2500,"This monster cannot be Normal Summoned or Set. This card can only be Special Summoned by Tributing """,4.5,
DM0799,Great Phantom Thief,Monster (Effect),1000,1000,If this card inflicts battle damage to your opponent: Declare 1 card name; look at your opponent's h,2.2,
DM0800,Great White,Monster (Normal),1600,800,A giant white shark with razor-sharp teeth.,2.5,
DM0801,Greed,Trap,,,"Each time a player draws cards because of a card effect, they take 500 damage during the End Phase f",2.3,
DM0802,Green Gadget,Monster (Effect),1400,600,"When this card is Normal or Special Summoned: You can add 1 ""Red Gadget"" from your Deck to your hand",2.5,
DM0803,Green Phantom King,Monster (Normal),500,1600,"This youthful king of the forests lives in a green world, abundant with trees and wildlife.",2.5,
DM0804,Greenkappa,Monster (Effect),650,900,FLIP: Target 2 Set Spell/Trap Cards on the field; destroy those targets.,2.2,
DM0805,Gren Maju Da Eiza,Monster (Effect),0,0,This card's ATK/DEF are each equal to the number of your banished cards x 400.,1.3,
DM0806,Griffore,Monster (Normal),1200,1500,This monster's tough hide deflects almost any attack.,2.3,
DM0807,Griggle,Monster (Effect),350,300,"When the control of this face-up card on the field shifts to your opponent, increase your Life Point",1.3,
DM0808,Ground Attacker Bugroth,Monster (Normal),1500,1000,A surface battle robot that was once used for sea warfare.,2.3,
DM0809,Ground Collapse,Spell,,,Select 2 Main Monster Zones on the field. Neither player can use the selected zones. You cannot sele,2.3,
DM0810,Gruesome Goo,Monster (Normal),1300,700,A slime boss that is definitely tougher than it looks.,2.1,
DM0811,Gryphon Wing,Trap,,,"When your opponent activates ""Harpie's Feather Duster"": Negate its effect, and if you do, destroy al",3.5,
DM0812,Gryphon's Feather Duster,Spell,,,Destroy all Spell and Trap Cards on your side of the field. Increase your Life Points by the number ,3.5,
DM0813,Guardian Angel Joan,Monster (Effect),2800,2000,When this card destroys a monster by battle and sends it to the Graveyard: Gain Life Points equal to,4.5,
DM0814,Guardian Baou,Monster (Effect),800,400,"Cannot be Summoned unless you control a face-up ""Wicked-Breaking Flamberge - Baou"". When this card d",2.2,
DM0815,Guardian Ceal,Monster (Effect),1700,1400,"Cannot be Summoned unless you control a face-up ""Shooting Star Bow - Ceal"". You can send 1 Equip Spe",3.2,
DM0816,Guardian Elma,Monster (Effect),1300,1200,"Cannot be Summoned unless you control a face-up ""Butterfly Dagger - Elma"". When this card is Normal ",2.3,
DM0817,Guardian Grarl,Monster (Effect),2500,1000,"Cannot be Summoned unless you control a face-up ""Gravity Axe - Grarl"". If this is the only card in y",4.3,
DM0818,Guardian Kay'est,Monster (Effect),1000,1800,"Cannot be Summoned unless you control a face-up ""Rod of Silence - Kay'est"". This card is unaffected ",3.3,
DM0819,Guardian Sphinx,Monster (Effect),1700,2400,Once per turn: You can change this card to face-down Defense Position. When this card is Flip Summon,4.3,
DM0820,Guardian Statue,Monster (Effect),800,1400,"Once per turn, you can flip this card into face-down Defense Position. When this card is Flip Summon",2.5,
DM0821,Guardian Tryce,Monster (Effect),1900,1700,"Cannot be Summoned unless you control a face-up ""Twin Swords of Flashing Light - Tryce"". When this c",2.5,
DM0822,Guardian of the Labyrinth,Monster (Normal),1000,1200,A monster that guards the entrance to the Netherworld.,2.1,
DM0823,Guardian of the Throne Room,Monster (Normal),1650,1600,"A robot guard built to protect throne rooms, it is armed with homing missiles.",2.5,
DM0824,Gust,Trap,,,You can activate this card when 1 or more of your Spell Cards are destroyed and sent from the field ,3.5,
DM0825,Gust Fan,Spell,,,A WIND monster equipped with this card increases its ATK by 400 points and decreases its DEF by 200 ,3.5,
DM0826,Gyaku-Gire Panda,Monster (Effect),800,1600,Increase the ATK of this card by 500 points for each monster on your opponent's side of the field. W,3.2,
DM0827,Gyakutenno Megami,Monster (Normal),1800,2000,This fairy uses her mystical power to protect the weak and provide spiritual support.,3.3,
DM0828,Hade-Hane,Monster (Effect),900,1000,FLIP: You can return up to 3 monsters on the field to the owner's hand.,1.2,
DM0829,Hallowed Life Barrier,Trap,,,"Discard 1 card from your hand. This turn, any damage you take from your opponent's cards and effects",2.3,
DM0830,Hamburger Recipe,Spell,,,"This card is used to Ritual Summon ""Hungry Burger"". You must also Tribute monsters whose total Level",2.3,
DM0831,Hammer Shot,Spell,,,"Destroy 1 face-up Attack Position monster with the highest ATK. (If it is a tie, you get to choose.)",2.3,
DM0832,Hand of Nephthys,Monster (Effect),600,600,"You can Tribute this card and 1 other monster; Special Summon 1 ""Sacred Phoenix of Nephthys"" from yo",1.5,
DM0833,Hane-Hane,Monster (Effect),450,500,FLIP: Select 1 monster on the field and return it to its owner's hand.,1.5,
DM0834,Haniwa,Monster (Normal),500,500,An earthen figure that protects the tomb of an ancient ruler.,1.3,
DM0835,Hannibal Necromancer,Monster (Effect),1400,1800,If this card is Normal Summoned: Place 1 Spell Counter on it (max. 1). You can remove 1 Spell Counte,3.3,
DM0836,Happy Lover,Monster (Normal),800,500,Enemies become overjoyed when struck by the Heart Ray emitted from the forehead of this tiny cherub.,1.5,
DM0837,Hard Armor,Monster (Normal),300,1200,A living suit of armor that attacks enemies with a bone-jarring tackle.,2.1,
DM0838,Harpie Girl,Monster (Normal),500,500,"A Harpie chick who aspires to flit about beautifully and gorgeously, but attack sharply.",1.3,
DM0839,Harpie Lady,Monster (Normal),1300,1400,This human-shaped animal with wings is beautiful to watch but deadly in battle.,2.3,
DM0840,Harpie Lady 1,Monster (Effect),1300,1400,"(This card's name is always treated as ""Harpie Lady"".) All WIND monsters gain 300 ATK.",2.5,
DM0841,Harpie Lady 2,Monster (Effect),1300,1400,"(This card's name is always treated as ""Harpie Lady"".) Negate the effects of Flip monsters this card",2.5,
DM0842,Harpie Lady 3,Monster (Effect),1300,1400,"(This card's name is always treated as ""Harpie Lady"".) An opponent's monster that battles this card ",2.5,
DM0843,Harpie Lady Sisters,Monster (Effect),1950,2100,"Cannot be Normal Summoned/Set. Must first be Special Summoned with ""Elegant Egotist"".",4.2,
DM0844,Harpie's Feather Duster,Spell,,,Destroy all Spell and Trap Cards your opponent controls.,5.1,
DM0845,Harpie's Pet Dragon,Monster (Effect),2000,2500,"Gains 300 ATK/DEF for each ""Harpie Lady"" on the field.",4.3,
DM0846,Harpies' Hunting Ground,Spell,,,"All Winged Beast monsters gain 200 ATK/DEF. If any ""Harpie Lady"" or ""Harpie Lady Sisters"" is Normal ",3.5,
DM0847,Hayabusa Knight,Monster (Effect),1000,700,This card can make a second attack during each Battle Phase.,2.2,
DM0848,Headless Knight,Monster (Normal),1450,1700,A haunted spirit of a falsely accused knight who wanders in search of truth and justice.,2.5,
DM0849,Heart of Clear Water,Spell,,,"If the equipped monster's ATK is 1300 or higher, this card is destroyed. The monster equipped with t",3.5,
DM0850,Heart of the Underdog,Spell,,,"During your Draw Phase, when you draw a Normal Monster(s): You can reveal it; draw 1 more card.",2.3,
DM0851,Heavy Mech Support Platform,Monster (Effect),500,500,"Once per turn, you can either: Target 1 Machine monster you control; equip this card to that target,",1.5,
DM0852,Heavy Slump,Trap,,,"If your opponent has 8 or more cards in their hand: They shuffle their entire hand into the Deck, th",3.5,
DM0853,Heavy Storm,Spell,,,Destroy all Spell and Trap Cards on the field.,4.5,
DM0854,Helping Robo for Combat,Monster (Effect),1600,0,"If this card destroys an opponent's monster by battle: Draw 1 card, then return 1 card from your han",3.2,
DM0855,Helpoemer,Monster (Effect),2000,1400,"Cannot be Special Summoned from the GY. At the end of your opponent's Battle Phase, if this card is ",3.5,
DM0856,Hercules Beetle,Monster (Normal),1500,2000,A massive beetle with a tough carapace and a dangerous horn.,3.3,
DM0857,Hero Signal,Trap,,,When a monster you control is destroyed by battle and sent to the Graveyard: Special Summon 1 Level ,3.5,
DM0858,Hero of the East,Monster (Normal),1100,1000,Feel da strength ah dis sword-swingin' samurai from da Far East.,1.5,
DM0859,Hibikime,Monster (Normal),1450,1000,Confuses enemy monsters with a noise that is harsh to the ears.,2.3,
DM0860,Hidden Soldiers,Trap,,,When your opponent Normal or Flip Summons a monster: Special Summon 1 Level 4 or lower DARK monster ,3.5,
DM0861,Hidden Spellbook,Trap,,,During your turn: Target 2 Spell Cards in your Graveyard; shuffle those targets into the Deck.,2.3,
DM0862,Hieracosphinx,Monster (Effect),2400,1200,Your opponent cannot select a face-down Defense Position monster as an attack target.,4.3,
DM0863,Hieroglyph Lithograph,Spell,,,"Pay 1000 Life Points. During the current Duel, your hand size limit becomes 7.",2.3,
DM0864,High Tide Gyojin,Monster (Normal),1650,1300,A very agile half-fish warrior known for its relentless attacks.,2.5,
DM0865,Hiita the Fire Charmer,Monster (Effect),500,1500,FLIP: Target 1 face-up FIRE monster your opponent controls; take control of that target while this c,2.5,
DM0866,Hino-Kagu-Tsuchi,Monster (Effect),2800,2900,This card cannot be Special Summoned. This card returns to its owner's hand during the End Phase of ,4.5,
DM0867,Hinotama,Spell,,,Inflict 500 damage to your opponent.,2.3,
DM0868,Hinotama Soul,Monster (Normal),600,500,An intensely hot flame creature that rams anything standing in its way.,1.3,
DM0869,Hiro's Shadow Scout,Monster (Effect),650,500,FLIP: Your opponent draws 3 cards. Both players look at the cards. If there are any Spell Cards amon,1.5,
DM0870,Hitodenchak,Monster (Normal),600,700,''A rabid starfish that spits a lethal acid that can melt almost anything.'',1.3,
DM0871,Hitotsu-Me Giant,Monster (Normal),1200,1000,"A one-eyed behemoth with thick, powerful arms made for delivering punishing blows.",2.1,
DM0872,Holograh,Monster (Normal),1100,700,''This machine generates illusions that leave an enemy wide open to attacks.'',1.5,
DM0873,Homunculus the Alchemic Being,Monster (Effect),1800,1600,Once per turn: You can change the Attribute of this card.,3.3,
DM0874,Horn Imp,Monster (Normal),1300,1000,"''A small fiend that dwells in the dark, its single horn makes it a formidable opponent.''",2.1,
DM0875,Horn of Heaven,Trap,,,"When a monster(s) would be Summoned: Tribute 1 monster; negate the Summon, and if you do, destroy th",3.5,
DM0876,Horn of Light,Spell,,,Increase the DEF of a monster equipped with this card by 800 points. When this card is sent from the,3.5,
DM0877,Horn of the Unicorn,Spell,,,The equipped monster gains 700 ATK and DEF. When this card is sent from the field to the Graveyard: ,3.5,
DM0878,Horus the Black Flame Dragon LV4,Monster (Effect),1600,1000,"Control of this face-up card cannot switch. During the End Phase, if this card destroyed a monster b",3.2,
DM0879,Horus the Black Flame Dragon LV6,Monster (Effect),2300,1600,"This card is unaffected by Spell effects. During the End Phase, if this card destroyed a monster by ",4.2,
DM0880,Horus the Black Flame Dragon LV8,Monster (Effect),3000,1800,"Cannot be Normal Summoned/Set. Must be Special Summoned by ""Horus the Black Flame Dragon LV6"", and c",5.1,
DM0881,Horus' Servant,Monster (Effect),100,100,"Your opponent cannot target face-up ""Horus the Black Flame Dragon"" monsters with Spells, Traps, or c",1.3,
DM0882,Hoshiningen,Monster (Effect),500,700,"All LIGHT monsters on the field gain 500 ATK, also all DARK monsters on the field lose 400 ATK.",1.5,
DM0883,Hourglass of Courage,Monster (Effect),1100,1200,"If this card is Normal or Flip Summoned, its original ATK and DEF are halved until the End Phase of ",2.3,
DM0884,Hourglass of Life,Monster (Normal),700,600,This creature grants power instead of shortening life.,1.3,
DM0885,House of Adhesive Tape,Trap,,,"If the DEF of a monster summoned by your opponent (excluding Special Summon) is 500 points or less, ",3.5,
DM0886,Howling Insect,Monster (Effect),1200,1300,When this card is destroyed by battle and sent to the Graveyard: You can Special Summon 1 Insect-Typ,2.3,
DM0887,Huge Revolution,Trap,,,"This card can only be activated during your Main Phase when ""People Running About"", ""Oppressed Peopl",3.5,
DM0888,Human-Wave Tactics,Trap,,,"During the End Phase of each turn, select a number of Level 2 or lower Normal Monsters from your Dec",3.5,
DM0889,Humanoid Slime,Monster (Normal),800,2000,This slime apparently has some human genes in its genetic makeup.,3.3,
DM0890,Humanoid Worm Drake,Monster (Fusion),2200,2000,"""Worm Drake"" + ""Humanoid Slime""",3.5,
DM0891,Hungry Burger,Monster (Ritual),2000,1850,"This monster can only be Ritual Summoned with the Ritual Spell Card, ""Hamburger Recipe"". You must al",3.3,
DM0892,Hunter Spider,Monster (Normal),1600,1400,This monster feeds on whatever it catches in its web.,1.5,
DM0893,Hurricail,Monster (Normal),900,200,''A tornado that ravages the wastelands with sharp winds that can cut to the bone.'',1.5,
DM0894,Hyena,Monster (Effect),1000,300,When this card is destroyed by battle and sent to the Graveyard: You can Special Summon any number o,2.2,
DM0895,Hyo,Monster (Normal),800,1200,''None can survive the cold touch of this sub-zero warrior.'',2.1,
DM0896,Hyosube,Monster (Normal),1500,900,"This amphibian is strong on the attack, but leaves much to be desired when defending.",2.3,
DM0897,Hyozanryu,Monster (Normal),2100,2800,A dragon created from a massive diamond that sparkles with blinding light.,4.3,
DM0898,Hyper Hammerhead,Monster (Effect),1500,1200,"At the end of the Damage Step, if an opponent's monster that battled this card is not destroyed: Ret",2.5,
DM0899,Hysteric Fairy,Monster (Effect),1800,500,Tribute 2 monsters on your side of the field to increase your Life Points by 1000 points.,3.3,
DM0900,Ice Water,Monster (Normal),1150,900,''A very aggressive mermaid that attacks enemies with the spikes growing from its body.'',1.5,
DM0901,Ill Witch,Monster (Normal),1600,1500,''This monster blasts enemies with unexpected bursts of wind.'',1.5,
DM0902,Illusionist Faceless Mage,Monster (Normal),1200,2200,Manipulates enemy attacks with the power of illusion.,3.5,
DM0903,Impenetrable Formation,Spell,,,Select 1 monster on your side of the field to activate this card. While you have 2 or more monsters ,1.4,
DM0904,Imperial Order,Trap,,,"Negate all Spell effects on the field. Once per turn, during the Standby Phase, you must pay 700 LP ",5.1,
DM0905,Inaba White Rabbit,Monster (Effect),700,500,This card cannot be Special Summoned. This card returns to the owner's hand during the End Phase of ,1.5,
DM0906,Incandescent Ordeal,Spell,,,"This card is used to Ritual Summon ""Legendary Flame Lord"". You must also Tribute monsters whose tota",2.3,
DM0907,Infernal Flame Emperor,Monster (Effect),2700,1600,"This card cannot be Special Summoned. When this card is Tribute Summoned, you can remove from play u",4.5,
DM0908,Infernalqueen Archfiend,Monster (Effect),900,1500,The controller of this card pays 500 Life Points during each of his/her Standby Phases (this is not ,2.5,
DM0909,Inferno,Monster (Effect),1100,1900,Cannot be Normal Summoned/Set. Must first be Special Summoned (from your hand) by banishing 1 FIRE m,3.5,
DM0910,Inferno Fire Blast,Spell,,,"Target 1 ""Red-Eyes B. Dragon"" in your Monster Zone; inflict damage to your opponent equal to its ori",2.3,
DM0911,Inferno Hammer,Monster (Effect),2400,0,"When this card destroys your opponent's monster and sends it to the Graveyard as a result of battle,",4.3,
DM0912,Inferno Tempest,Spell,,,"When you take 3000 or more Battle Damage from 1 attack, you can activate this card. Remove all monst",2.3,
DM0913,Infinite Cards,Spell,,,There is no limit to the number of cards in players' hands.,2.3,
DM0914,Infinite Dismissal,Trap,,,Level 3 or lower monsters are destroyed during the End Phase of the turn that they are Normal Summon,2.3,
DM0915,Injection Fairy Lily,Monster (Effect),400,1500,"If this card attacks or is attacked, during damage calculation (in either player's turn): You can pa",4.5,
DM0916,Inpachi,Monster (Normal),1600,1900,"A log that attacks lost travelers in the forest. Originally a big tree, it was cut down and possesse",3.3,
DM0917,Insect Armor with Laser Cannon,Spell,,,Equip only to an Insect monster. It gains 700 ATK.,3.5,
DM0918,Insect Barrier,Spell,,,Insect-Type monsters your opponent controls cannot declare an attack.,3.5,
DM0919,Insect Imitation,Spell,,,Tribute 1 monster. Special Summon 1 Insect-Type monster from your Deck whose Level is 1 higher than ,3.5,
DM0920,Insect Knight,Monster (Normal),1900,1500,"Of all Insect fighters, he is the paragon of the Indestructible Insect Invaders, which only the elit",4.3,
DM0921,Insect Princess,Monster (Effect),1900,1200,All Insect monsters your opponent controls are changed to Attack Position. If this card destroys an ,2.5,
DM0922,Insect Queen,Monster (Effect),2200,2400,This card gains 200 ATK for each Insect monster on the field. Cannot declare an attack unless you Tr,3.3,
DM0923,Insect Soldiers of the Sky,Monster (Effect),1000,800,"If this card attacks a WIND monster, it gains 1000 ATK during the Damage Step only.",2.2,
DM0924,Inspection,Spell,,,"During your opponent's Standby Phase, you can pay 500 Life Points to randomly select 1 card in your ",2.3,
DM0925,Interdimensional Matter Transporter,Trap,,,Target 1 face-up monster you control; banish that target until the End Phase.,3.5,
DM0926,Invader from Another Dimension,Monster (Normal),950,1400,An extraterrestrial monster that came from a distant galaxy.,2.3,
DM0927,Invader of Darkness,Monster (Effect),2900,2500,Your opponent cannot activate Quick-Play Spell Cards.,4.5,
DM0928,Invader of the Throne,Monster (Effect),1350,1700,FLIP: Select 1 monster on your opponent's side of the field and switch control of it with this card.,3.2,
DM0929,Invasion of Flames,Monster (Effect),1300,1200,"When this card is Normal Summoned successfully, no Trap Cards can be activated.",2.3,
DM0930,Invigoration,Spell,,,An EARTH monster equipped with this card increases its ATK by 400 points and decreases its DEF by 20,3.5,
DM0931,Invitation to a Dark Sleep,Monster (Effect),1500,1800,"When this monster is summoned (excluding Special Summon), select 1 of your opponent's monsters. As l",2.3,
DM0932,Iron Blacksmith Kotetsu,Monster (Effect),500,500,FLIP: Add 1 Equip Spell from your Deck to your hand.,1.5,
DM0933,Island Turtle,Monster (Normal),1100,2000,A huge turtle that is often mistaken for an island.,3.3,
DM0934,Jack's Knight,Monster (Normal),1900,1000,"A strong master swordsman. His loyalty is to justice, his duty to protect the weak.",2.3,
DM0935,Jade Insect Whistle,Spell,,,"Your opponent selects 1 Insect-Type Monster from their Deck. After shuffling the Deck, place the car",2.3,
DM0936,Jam Breeding Machine,Spell,,,"During each of your Standby Phases: Special Summon 1 ""Slime Token"" (Aqua-Type/WATER/LEVEL 1/ATK 500/",3.5,
DM0937,Jam Defender,Trap,,,"When an opponent's monster declares an attack on a monster you control: You can target 1 ""Revival Ja",3.5,
DM0938,Jar Robber,Spell,,,"You can only activate this card when ""Pot of Greed"" is activated. Negate the effect of the ""Pot of G",3.5,
DM0939,Jar of Greed,Trap,,,Draw 1 card.,2.3,
DM0940,Javelin Beetle,Monster (Ritual),2450,2550,"This card can only be Ritual Summoned with the Ritual Spell Card, ""Javelin Beetle Pact"".",4.1,
DM0941,Javelin Beetle Pact,Spell,,,"This card is used to Ritual Summon ""Javelin Beetle"". You must also Tribute monsters from the field o",2.3,
DM0942,Jellyfish,Monster (Normal),1200,1500,"An almost invisible, semi-transparent jellyfish that drifts in the sea.",2.3,
DM0943,Jigen Bakudan,Monster (Effect),200,1000,"FLIP: After this card is flipped, Tribute it during your Standby Phase to destroy all monsters you c",2.2,
DM0944,Jinzo,Monster (Effect),2400,1500,"Trap Cards, and their effects on the field, cannot be activated. Negate all Trap effects on the fiel",5.1,
DM0945,Jinzo #7,Monster (Effect),500,400,This monster can attack your opponent's Life Points directly.,1.5,
DM0946,Jirai Gumo,Monster (Effect),2200,100,"When this card declares an attack: Toss a coin and call it. If you call it wrong, lose half your Lif",5.1,
DM0947,Job-Change Mirror,Monster (Normal),800,1300,''A wicked mirror that blocks off the damaging effects of an attack.'',2.1,
DM0948,Jowgen the Spiritualist,Monster (Effect),200,1300,You can discard 1 random card from your hand to the Graveyard; destroy all Special Summoned monsters,2.3,
DM0949,Jowls of Dark Demise,Monster (Effect),200,100,FLIP: Take control of 1 monster on your opponent's side of the field until the end of the turn that ,1.3,
DM0950,Judge Man,Monster (Normal),2200,1500,This club-wielding warrior battles to the end and will never surrender.,3.5,
DM0951,Judgment of Anubis,Trap,,,When your opponent activates a Spell Card that would destroy a Spell/Trap Card(s) on the field: Disc,3.5,
DM0952,Judgment of the Desert,Trap,,,The Battle Positions of face-up monsters that are flipped face-up after activation of this card cann,2.3,
DM0953,Judgment of the Pharaoh,Trap,,,"Pay half of your Life Points. Select and activate an appropriate effect which can be applied: ● If """,3.5,
DM0954,Just Desserts,Trap,,,Inflict 500 damage to your opponent for each monster they control.,3.5,
DM0955,KA-2 Des Scissors,Monster (Effect),1000,1000,"When this card destroys a monster and sends it to the Graveyard as a result of battle, inflict damag",2.2,
DM0956,Kabazauls,Monster (Normal),1700,1500,A huge monster in the shape of a hippopotamus. The sneezing from his gigantic body is so fierce that,2.5,
DM0957,Kagemusha of the Blue Flame,Monster (Normal),800,400,"Serving as a double for the Ruler of the Blue Flame, he's a master swordsman that wields a fine blad",1.5,
DM0958,Kageningen,Monster (Normal),800,600,He yoozes both a physical and a shadow form ta attack. So he's a tough monstah ta beat!,1.5,
DM0959,Kaibaman,Monster (Effect),200,700,"You can Tribute this card; Special Summon 1 ""Blue-Eyes White Dragon"" from your hand.",1.5,
DM0960,Kairyu-Shin,Monster (Normal),1800,1500,"A sea dragon known as the King of the Ocean, it attacks its enemies with huge tidal waves.",2.1,
DM0961,Kaiser Colosseum,Spell,,,"If there is 1 or more monster(s) on the field of the controller of this card, his/her opponent canno",3.5,
DM0962,Kaiser Dragon,Monster (Fusion),2300,2000,"""Winged Dragon, Guardian of the Fortress #1"" + ""Fairy Dragon""",3.5,
DM0963,Kaiser Glider,Monster (Effect),2400,2200,Cannot be destroyed by battle with a monster that has the same ATK. If this card is destroyed and se,4.3,
DM0964,Kaiser Sea Horse,Monster (Effect),1700,1650,This card can be treated as 2 Tributes for the Tribute Summon of a LIGHT monster.,3.2,
DM0965,Kamakiriman,Monster (Normal),1150,1400,''A man-shaped mantis with two razor-sharp scythes.'',2.3,
DM0966,Kaminari Attack,Monster (Fusion),1900,1400,"""Ocubeam"" + ""Mega Thunderball""",3.3,
DM0967,Kaminote Blow,Spell,,,"Activate only if there is at least 1 face-up ""Chu-Ske the Mouse Fighter"", ""Monk Fighter"", or ""Master",2.3,
DM0968,Kamionwizard,Monster (Fusion),1300,1100,"""Mystical Elf"" + ""Curtain of the Dark Ones""",3.1,
DM0969,Kanan the Swordmistress,Monster (Normal),1400,1400,"A lady warrior armed with sword and shield, she floats lightly and stings sharply.",2.3,
DM0970,Kangaroo Champ,Monster (Effect),800,700,A monster that battles with this card is changed to Defense Position after damage calculation.,2.2,
DM0971,Kanikabuto,Monster (Normal),650,900,''A monster crab with huge claws for clipping enemies to little pieces.'',1.5,
DM0972,Kappa Avenger,Monster (Normal),1200,900,''An amphibian that sold his soul for unlimited power to avenge his late friend.'',2.1,
DM0973,Karakuri Spider,Monster (Effect),400,500,"If this card attacks a DARK monster, destroy the attack target after damage calculation.",1.5,
DM0974,Karate Man,Monster (Effect),1000,1000,"You can double the original ATK of this card once per turn. If you used this effect, destroy this ca",2.2,
DM0975,Karbonala Warrior,Monster (Fusion),1500,1200,"""M-Warrior #1"" + ""M-Warrior #2""",3.3,
DM0976,Kattapillar,Monster (Normal),250,300,"''Attacks enemies by spitting thin, sticky webs.''",1.1,
DM0977,Kazejin,Monster (Effect),2400,2200,"During damage calculation in your opponent's turn, if this card is being attacked: You can target th",3.3,
DM0978,Kelbek,Monster (Effect),1500,1800,A monster that attacks this card returns to the hand. Damage calculation is applied normally.,3.3,
DM0979,Keldo,Monster (Effect),1200,1600,"When this card is destroyed and sent to the Graveyard as a result of battle, select 2 cards from you",3.2,
DM0980,Key Mace,Monster (Normal),400,300,Enemies' hearts will melt at the sight of this small fairy's cuteness.,1.1,
DM0981,Key Mace #2,Monster (Normal),1050,1200,This fiend brings out the worst in everyone.,2.1,
DM0982,Killer Needle,Monster (Normal),1200,1000,A huge bee with exceptional strength that's particularly dangerous in a swarm.,2.1,
DM0983,King Dragun,Monster (Fusion),2400,1100,"""Lord of D."" + ""Divine Dragon Ragnarok"" Your opponent cannot target Dragon monsters with card effect",4.1,
DM0984,King Fog,Monster (Normal),1000,900,A fiend that dwells in a blinding curtain of smoke.,1.5,
DM0985,King Tiger Wanghu,Monster (Effect),1700,1000,When a monster(s) with 1400 or less ATK is Normal Summoned or Special Summoned: Destroy those monste,3.2,
DM0986,King of Yamimakai,Monster (Normal),2000,1530,Wields the power of darkness to destroy its enemies.,3.3,
DM0987,King of the Skull Servants,Monster (Effect),0,0,"The original ATK of this card is the combined number of ""King of the Skull Servants"" and ""Skull Serv",1.3,
DM0988,King of the Swamp,Monster (Effect),500,1100,This card can be used as a substitute for any 1 Fusion Material whose name is specifically listed on,2.2,
DM0989,King's Knight,Monster (Effect),1600,1400,"When this card is Normal Summoned while you control ""Queen's Knight"": You can Special Summon 1 ""Jack",3.2,
DM0990,Kiryu,Monster (Effect),2000,1500,"Once per turn, during your Main Phase, if you control this card on the field, you can equip it to yo",3.5,
DM0991,Kiseitai,Monster (Effect),300,800,"When your opponent's monster attacks this card in face-down Defense Position, this card becomes an E",2.2,
DM0992,Kishido Spirit,Spell,,,Monsters on your side of the field cannot be destroyed in a battle if the monsters' ATK are equal.,2.3,
DM0993,Knight's Title,Spell,,,"Tribute 1 face-up ""Dark Magician""; Special Summon 1 ""Dark Magician Knight"" from your hand, Deck or G",3.5,
DM0994,Koitsu,Monster (Effect),200,100,"Once per turn, during your Main Phase, if you control this card on the field, you can equip it to yo",1.3,
DM0995,Kojikocy,Monster (Normal),1500,1200,A man-hunter with powerful arms that can crush boulders.,2.3,
DM0996,Korogashi,Monster (Normal),550,400,''A high-powered dung beetle that can roll dung larger than itself. It crushes its foes with its mas,1.3,
DM0997,Kotodama,Monster (Effect),0,1600,"If there are face-up monsters with the same name on the field, destroy those monsters. (If a monster",3.2,
DM0998,Koumori Dragon,Monster (Normal),1500,1200,"A vicious, fire-breathing dragon whose wicked flame corrupts the souls of its victims.",2.3,
DM0999,Kozaky,Monster (Normal),400,400,A workaholic fiend who devotes everything to his research into the languages of Dark World. His mind,1.1,
DM1000,Kozaky's Self-Destruct Button,Trap,,,Inflict 1000 damage to the player who destroyed this Set card.,2.3,
DM1001,Krokodilus,Monster (Normal),1100,1200,''A vicious crocodile with great intelligence.'',2.1,
DM1002,Kryuel,Monster (Effect),1000,1700,"When this card is sent to the Graveyard as a result of battle, toss a coin and call it. If you call ",3.2,
DM1003,Kumootoko,Monster (Normal),700,1400,"A massive, intelligent spider that traps enemies with webbing.",2.3,
DM1004,Kunai with Chain,Trap,,,Activate 1 or both of these effects (simultaneously). ● When an opponent's monster declares an attac,3.5,
DM1005,Kurama,Monster (Normal),800,800,A vicious bird that attacks from the skies with its whip-like tail.,1.5,
DM1006,Kuriboh,Monster (Effect),300,200,"During damage calculation, if your opponent's monster attacks (Quick Effect): You can discard this c",2.5,
DM1007,Kuwagata α,Monster (Normal),1250,1000,A very vicious stag beetle that goes for the head.,2.1,
DM1008,Kwagar Hercules,Monster (Fusion),1900,1700,"""Kuwagata α"" + ""Hercules Beetle""",3.3,
DM1009,Kycoo the Ghost Destroyer,Monster (Effect),1800,700,When this card inflicts battle damage to your opponent: You can target up to 2 monsters in their Gra,3.3,
DM1010,La Jinn the Mystical Genie of the Lamp,Monster (Normal),1800,1000,A genie of the lamp that is at the beck and call of its master.,3.1,
DM1011,LaLa Li-oon,Monster (Normal),600,600,"''An electric cloud creature, its acid rain makes it very dangerous.''",1.3,
DM1012,LaMoon,Monster (Normal),1200,1700,''A sorcerer that draws its powers from the lunar landscape.'',1.5,
DM1013,Labyrinth Tank,Monster (Fusion),2400,2400,"""Giga-Tech Wolf"" + ""Cannon Soldier""",4.1,
DM1014,Labyrinth Wall,Monster (Normal),0,3000,These walls form a labyrinth with no exit for enemies.,5.1,
DM1015,Labyrinth of Nightmare,Trap,,,"Once per turn, during each player's End Phase: Change the battle positions of all face-up monsters t",3.5,
DM1016,Lady Assailant of Flames,Monster (Effect),1500,1000,FLIP: Banish the top 3 cards of your Deck; inflict 800 damage to your opponent.,2.5,
DM1017,Lady Ninja Yae,Monster (Effect),1100,200,"By discarding 1 WIND monster from your hand to the Graveyard, return all Spell and Trap Cards on you",2.2,
DM1018,Lady Panther,Monster (Effect),1400,1300,Tribute this face-up card to return 1 of your monsters destroyed as a result of battle during this t,2.5,
DM1019,Lady of Faith,Monster (Normal),1100,800,Soothes the souls of others by chanting a mysterious spell.,1.5,
DM1020,Larvae Moth,Monster (Effect),500,400,"This monster cannot be Normal Summoned or Set. This card can only be Special Summoned by Tributing """,1.5,
DM1021,Larvas,Monster (Normal),800,1000,"A fast-moving, bird-like creature that strangles opposing monsters with its long, thin arms.",1.5,
DM1022,Laser Cannon Armor,Spell,,,Equip only to an Insect monster. It gains 300 ATK/DEF.,3.5,
DM1023,Last Day of Witch,Spell,,,Destroy all face-up Spellcaster-Type monsters on the field.,3.5,
DM1024,Last Turn,Trap,,,This card can only be activated during your opponent's turn when your Life Points are 1000 or less. ,3.5,
DM1025,Last Will,Spell,,,"If a monster on your side of the field was sent to your Graveyard this turn, you can Special Summon ",3.5,
DM1026,Laughing Flower,Monster (Normal),900,500,''A flower whose laugh can confuse the minds of enemies.'',1.5,
DM1027,Launcher Spider,Monster (Normal),2200,2500,A mechanical spider with rocket launchers capable of random fire.,4.1,
DM1028,Lava Battleguard,Monster (Effect),1550,1800,"This card gains 500 ATK for each ""Swamp Battleguard"" you control.",2.3,
DM1029,Lava Golem,Monster (Effect),3000,2500,Cannot be Normal Summoned/Set. Must first be Special Summoned (from your hand) to your opponent's fi,5.1,
DM1030,Left Arm of the Forbidden One,Monster (Normal),200,300,A forbidden left arm sealed by magic. Whosoever breaks this seal will know infinite power.,4.5,
DM1031,Left Leg of the Forbidden One,Monster (Normal),200,300,A forbidden left leg sealed by magic. Whosoever breaks this seal will know infinite power.,4.5,
DM1032,Legacy Hunter,Monster (Effect),1000,1500,When this card attacks a face-down Defense Position monster and destroys it and sends it to the Grav,2.5,
DM1033,Legacy of Yata-Garasu,Trap,,,Activate 1 of these effects: ● Draw 1 card. ● Activate only if your opponent controls a face-up Spir,3.5,
DM1034,Legendary Black Belt,Spell,,,"Equip only to ""Chu-Ske the Mouse Fighter"", ""Monk Fighter"", or ""Master Monk"". When the equipped monst",3.5,
DM1035,Legendary Fiend,Monster (Effect),1500,1800,"Once per turn, during your Standby Phase: This card gains 700 ATK.",2.3,
DM1036,Legendary Flame Lord,Monster (Ritual),2400,2000,"This card can only be Ritual Summoned with the Ritual Spell Card, ""Incandescent Ordeal"". You must al",4.1,
DM1037,Legendary Jujitsu Master,Monster (Effect),1300,1800,"If this Defense Position card battled a monster, at the end of the Damage Step: Place that monster o",4.1,
DM1038,Legendary Sword,Spell,,,Equip only to a Warrior monster. It gains 300 ATK/DEF.,3.5,
DM1039,Leghul,Monster (Effect),300,350,This monster may attack your opponent's Life Points directly.,1.3,
DM1040,Lekunga,Monster (Effect),1700,500,"You can banish 2 WATER monsters from your Graveyard; Special Summon 1 ""Lekunga Token"" (Plant-Type/WA",3.2,
DM1041,Leo Wizard,Monster (Normal),1350,1200,''A wizard with a black mantle who is actually a talking lion in disguise.'',1.1,
DM1042,Leogun,Monster (Normal),1750,1550,Huge monster with a lion's mane similar to the King of Beasts.,1.5,
DM1043,Lesser Dragon,Monster (Normal),1200,1000,A minor dragon incapable of breathing fire.,2.1,
DM1044,Lesser Fiend,Monster (Effect),2100,1000,"(This card is always treated as an ""Archfiend"" card.) Banish any monster destroyed by battle with th",4.2,
DM1045,Level Conversion Lab,Trap,,,"Select 1 monster in your hand and show it to your opponent, then roll a six-sided die. If the result",2.3,
DM1046,Level Limit - Area B,Spell,,,Change all face-up Level 4 or higher monsters to Defense Position.,3.5,
DM1047,Level Up!,Spell,,,"Send 1 face-up ""LV"" monster you control to the GY; Special Summon 1 monster from your hand or Deck t",3.5,
DM1048,Levia-Dragon - Daedalus,Monster (Effect),2600,1500,"You can send 1 face-up ""Umi"" you control to the GY; destroy all other cards on the field.",4.5,
DM1049,Life Absorbing Machine,Trap,,,"During your Standby Phase, gain Life Points equal to half of the total Life Points you paid during y",1.4,
DM1050,Light of Intervention,Trap,,,"While this card is on the field, Monster Cards cannot be Set or flipped face-down. If a Monster Card",1.4,
DM1051,Light of Judgment,Trap,,,"If ""The Sanctuary in the Sky"" is on the field: Discard 1 LIGHT monster to the GY; apply 1 of the fol",3.5,
DM1052,Lighten the Load,Spell,,,"Once per turn, you can add 1 Level 7 or higher monster from your hand to your Deck and shuffle it, t",2.3,
DM1053,Lightforce Sword,Trap,,,"Banish 1 random card from your opponent's hand, face-down. During your opponent's 4th Standby Phase ",2.3,
DM1054,Lightning Blade,Spell,,,Equip only to a Warrior-Type monster. It gains 800 ATK. All WATER monsters lose 500 ATK.,3.5,
DM1055,Lightning Conger,Monster (Normal),350,750,This massive eel generates huge charges of electricity and unleashes them as thunderbolts.,1.3,
DM1056,Lightning Vortex,Spell,,,Discard 1 card; destroy all face-up monsters your opponent controls.,3.5,
DM1057,Limiter Removal,Spell,,,"Double the ATK of all Machine monsters you currently control, until the end of this turn. During the",3.5,
DM1058,Liquid Beast,Monster (Normal),950,800,A liquid life form that thrives on water.,1.5,
DM1059,Lisark,Monster (Normal),1300,1300,''A creature with sapphire eyes that mesmerizes and confuses enemies.'',2.1,
DM1060,Little Chimera,Monster (Effect),600,550,All FIRE monsters on the field gain 500 ATK. All WATER monsters on the field lose 400 ATK.,1.5,
DM1061,Little D,Monster (Normal),1100,700,"Yo, this tyrannosaurus tot's got a terrible temper.",1.5,
DM1062,Little-Winguard,Monster (Effect),1400,1800,"Once per turn, during your End Phase: You can change the battle position of this card.",3.3,
DM1063,Living Vase,Monster (Normal),900,1100,''A living vase that bites enemies and blinds them with a blast of pollen from its flower.'',1.5,
DM1064,Lizard Soldier,Monster (Normal),1100,800,"A beast soldier derived from dragons, it is small for a Dragon-Type. Moving very quickly, this monst",1.5,
DM1065,Lone Wolf,Trap,,,"Activate only if the 1 and only monster on your side of the field is ""Chu-Ske the Mouse Fighter"", ""M",2.3,
DM1066,Lord Poison,Monster (Effect),1500,1000,If this card is destroyed by battle and sent to the Graveyard: Target 1 Plant-Type monster in your G,2.5,
DM1067,Lord of D.,Monster (Effect),1200,1100,Neither player can target Dragon monsters on the field with card effects.,2.3,
DM1068,Lord of Zemia,Monster (Normal),1300,1000,''A wicked entity that manipulates enemies towards a path of destruction.'',2.1,
DM1069,Lord of the Lamp,Monster (Normal),1400,1200,This spirit emerges from the mystic lamp and obeys the wishes of its summoner.,2.3,
DM1070,Lost Guardian,Monster (Effect),100,0,The original DEF of this card equals the number of your banished Rock-Type monsters × 700.,1.3,
DM1071,Lucky Trinket,Monster (Normal),600,800,"This creature may look slim and weak, but it's protected by a mystical force.",1.5,
DM1072,Luminous Soldier,Monster (Effect),2100,1400,"If this card battles a DARK monster, increase the ATK of this card by 500 points during the Damage S",4.2,
DM1073,Luminous Spark,Spell,,,All LIGHT monsters gain 500 ATK and lose 400 DEF.,1.4,
DM1074,Lunar Queen Elzaim,Monster (Normal),750,1100,''A lovely creature guarded by the moon. Her lunar curtain can block just about any attack.'',1.5,
DM1075,Luster Dragon,Monster (Normal),1900,1600,"A very beautiful dragon covered with sapphire. It does not like fights, but has incredibly high atta",4.3,
DM1076,Luster Dragon #2,Monster (Normal),2400,1400,"This dragon feeds on emerald. Enchanted by this monster even when attacked, few people live to tell ",4.1,
DM1077,M-Warrior #1,Monster (Normal),1000,500,"Specializing in combination attacks, this warrior uses magnetism to block an enemy's escape.",1.5,
DM1078,M-Warrior #2,Monster (Normal),500,1000,"Specializing in combination attacks, this warrior is equipped with a tough, magnetically coated armo",1.5,
DM1079,Mabarrel,Monster (Normal),1700,1400,''This cannon-like creature fires eyeballs so fast they can't be seen.'',1.5,
DM1080,Machine Attacker,Monster (Normal),1600,1300,"''This machine, created to lead charges into enemy territory, mows down enemies by rushing.''",1.5,
DM1081,Machine Conversion Factory,Spell,,,Equip only to a Machine monster. It gains 300 ATK/DEF.,3.5,
DM1082,Machine Duplication,Spell,,,Target 1 Machine monster you control with 500 or less ATK; Special Summon up to 2 monsters from your,3.5,
DM1083,Machine King,Monster (Effect),2200,2000,This card gains 100 ATK for each Machine-Type monster on the field.,4.2,
DM1084,Mad Dog of Darkness,Monster (Normal),1900,1400,"He used to be a normal dog who played around in a park, but was corrupted by the powers of darkness.",4.3,
DM1085,Mad Sword Beast,Monster (Effect),1400,1200,"If this card attacks a Defense Position monster, inflict piercing battle damage.",2.5,
DM1086,Madjinn Gunn,Monster (Normal),600,800,''A living weapon that spits projectiles.'',1.5,
DM1087,Mage Power,Spell,,,The equipped monster gains 500 ATK and DEF for each Spell/Trap Card you control.,4.5,
DM1088,Magic Cylinder,Trap,,,"When an opponent's monster declares an attack: Target the attacking monster; negate the attack, and ",4.5,
DM1089,Magic Drain,Trap,,,When your opponent activates a Spell Card: They can discard 1 Spell Card to negate this card's effec,3.5,
DM1090,Magic Formula,Spell,,,"Equip only to ""Dark Magician"" or ""Dark Magician Girl"". It gains 700 ATK. If this card is sent from t",3.5,
DM1091,Magic Jammer,Trap,,,"When a Spell Card is activated: Discard 1 card; negate the activation, and if you do, destroy it.",3.5,
DM1092,Magic Reflector,Spell,,,"Target 1 face-up Spell Card you control; place 1 counter on it. If it would ever be destroyed, remov",3.5,
DM1093,Magical Arm Shield,Trap,,,When your opponent declares an attack while you control a monster: Target 1 face-up monster your opp,3.5,
DM1094,Magical Dimension,Spell,,,"If you control a Spellcaster monster: Target 1 monster you control; Tribute that target, then Specia",3.5,
DM1095,Magical Ghost,Monster (Normal),1300,1400,This creature casts a spell of terror and confusion just before attacking its enemies.,2.3,
DM1096,Magical Hats,Trap,,,During your opponent's Battle Phase: Choose 2 Spell/Trap Cards from your Deck and 1 monster in your ,3.5,
DM1097,Magical Labyrinth,Spell,,,"Equip only to ""Labyrinth Wall"". You can Tribute the equipped monster; Special Summon ""Wall Shadow"" f",3.5,
DM1098,Magical Marionette,Monster (Effect),2000,1000,"Each time a Spell Card is activated, place 1 Spell Counter on this card when that Spell Card resolve",3.5,
DM1099,Magical Merchant,Monster (Effect),200,700,"FLIP: Excavate cards from the top of your Deck until you excavate a Spell/Trap, then add that card t",1.5,
DM1100,Magical Plant Mandragola,Monster (Effect),500,200,FLIP: Place 1 Spell Counter on each face-up card on the field that you can place a Spell Counter on.,1.5,
DM1101,Magical Scientist,Monster (Effect),300,300,Pay 1000 Life Points to Special Summon 1 level 6 or lower Fusion Monster from your Extra Deck in fac,5.1,
DM1102,Magical Stone Excavation,Spell,,,"Discard 2 cards, then target 1 Spell in your GY; add it to your hand.",2.3,
DM1103,Magical Thorn,Trap,,,"When your opponent's card(s) in their hand are discarded to the Graveyard, inflict 500 points of dam",1.4,
DM1104,Magician of Black Chaos,Monster (Ritual),2800,2600,"You can Ritual Summon this card with ""Black Magic Ritual"".",4.3,
DM1105,Magician of Faith,Monster (Effect),300,400,FLIP: Target 1 Spell in your GY; add that target to your hand.,3.5,
DM1106,Magician's Valkyria,Monster (Effect),1600,1800,"Monsters your opponent controls cannot target face-up Spellcaster-Type monsters for attacks, except ",3.3,
DM1107,Maha Vailo,Monster (Effect),1550,1400,This card gains 500 ATK for each Equip Card equipped to this card.,2.5,
DM1108,Maharaghi,Monster (Effect),1200,1700,This card cannot be Special Summoned. This card returns to the owner's hand during the End Phase of ,3.2,
DM1109,Maiden of the Aqua,Monster (Effect),700,2000,"As long as this card remains face-up on the field, the field is treated as ""Umi"" (however there is n",3.5,
DM1110,Maiden of the Moonlight,Monster (Normal),1500,1300,A sorcerer blessed by lunar light with powers far beyond mortal comprehension.,2.3,
DM1111,Maji-Gire Panda,Monster (Effect),1000,800,"Each time a Beast-Type monster(s) on the field is destroyed, this card gains 500 ATK.",2.2,
DM1112,Major Riot,Trap,,,You can activate this card when 1 or more of your monsters are returned from the field to your hand ,3.5,
DM1113,Maju Garzett,Monster (Effect),0,0,The ATK of this card becomes equal to the combined original ATK of the 2 monsters you Tributed for t,1.3,
DM1114,"Makiu, the Magical Mist",Spell,,,"Target 1 ""Summoned Skull"", or 1 Thunder monster, in your Monster Zone; destroy all monsters your opp",3.5,
DM1115,Makyura the Destructor,Monster (Effect),1600,1200,If this card is sent from the Monster Zone to the GY: You can activate 1 Trap Card from your hand th,5.5,
DM1116,Malevolent Catastrophe,Trap,,,When an opponent's monster declares an attack: Destroy all Spell and Trap Cards on the field.,3.5,
DM1117,Malevolent Nuzzler,Spell,,,The equipped monster gains 700 ATK. When this card is sent from the field to the Graveyard: You can ,3.5,
DM1118,Malice Dispersion,Spell,,,Discard 1 card from your hand. Destroy all face-up Continuous Trap Cards.,3.5,
DM1119,Malice Doll of Demise,Monster (Effect),1600,1700,During your next Standby Phase after this card was sent from the field to the Graveyard by the effec,3.2,
DM1120,Mammoth Graveyard,Monster (Normal),1200,800,A mammoth that protects the graves of its pack and is absolutely merciless when facing grave-robbers,2.1,
DM1121,Man Eater,Monster (Normal),800,600,Man-eating plant with poison feelers for attacking enemies.,1.5,
DM1122,Man-Eater Bug,Monster (Effect),450,600,FLIP: Target 1 monster on the field; destroy it.,3.5,
DM1123,Man-Eating Black Shark,Monster (Fusion),2100,1300,"""Sea Kamen"" + ""Gruesome Goo"" + ""Amazon of the Seas""",3.5,
DM1124,Man-Eating Plant,Monster (Normal),800,600,''A meat-eating plant that is attractive to the eye but dangerous when approached.'',1.5,
DM1125,Man-Eating Treasure Chest,Monster (Normal),1600,1000,A monster disguised as a treasure chest that is known to attack the unwary adventurer.,2.5,
DM1126,Man-Thro' Tro',Monster (Effect),1000,1000,"By Tributing 1 Normal Monster (except a Token) on your side of the field, inflict 800 points of dama",2.2,
DM1127,Manga Ryu-Ran,Monster (Effect),2200,2600,"(This card is always treated as a ""Toon"" card.) Cannot be Normal Summoned/Set. Must first be Special",4.5,
DM1128,Manju of the Ten Thousand Hands,Monster (Effect),1400,1000,When this card is Normal or Flip Summoned: You can add 1 Ritual Monster or 1 Ritual Spell from your ,2.5,
DM1129,Manticore of Darkness,Monster (Effect),2300,1000,During the End Phase of the turn this card was sent to the Graveyard: You can send to the Graveyard ,4.2,
DM1130,Marauding Captain,Monster (Effect),1200,400,"Your opponent cannot target Warrior monsters for attacks, except this one. When this card is Normal ",2.3,
DM1131,Marine Beast,Monster (Fusion),1700,1600,"""Water Magician"" + ""Behegon""",3.5,
DM1132,Marshmallon,Monster (Effect),300,500,"Cannot be destroyed by battle. After damage calculation, if this card was attacked, and was face-dow",4.5,
DM1133,Marshmallon Glasses,Spell,,,"While ""Marshmallon"" is in your Monster Zone, your opponent cannot target monsters other than ""Marshm",2.3,
DM1134,Maryokutai,Monster (Effect),900,900,"During your opponent's turn, when your opponent activates a Spell Card (Quick Effect): You can Tribu",2.2,
DM1135,Masaki the Legendary Swordsman,Monster (Normal),1100,1100,Legendary swordmaster Masaki is a veteran of over 100 battles.,1.5,
DM1136,Mask of Brutality,Spell,,,"The equipped monster gains 1000 ATK and loses 1000 DEF. During each of your Standby Phases, pay 1000",3.5,
DM1137,Mask of Darkness,Monster (Effect),900,400,FLIP: Target 1 Trap in your GY; add that target to your hand.,4.1,
DM1138,Mask of Dispel,Spell,,,Select 1 face-up Spell Card on the field. The controller of the Spell Card takes 500 points of damag,3.5,
DM1139,Mask of Restrict,Trap,,,Neither player can Tribute cards.,2.3,
DM1140,Mask of Weakness,Trap,,,Target 1 attacking monster; that target loses 700 ATK until the end of this turn.,2.3,
DM1141,Mask of the Accursed,Spell,,,"The equipped monster cannot attack. Once per turn, during your Standby Phase: Inflict 500 damage to ",3.5,
DM1142,Masked Beast Des Gardius,Monster (Effect),3300,2500,This card cannot be Normal Summoned or Set. This card cannot be Special Summoned except by Tributing,5.1,
DM1143,Masked Clown,Monster (Normal),500,700,''This warrior's fatal dance is performed with a lethal sickle.'',1.3,
DM1144,Masked Dragon,Monster (Effect),1400,1100,When this card is destroyed by battle and sent to the Graveyard: You can Special Summon 1 Dragon-Typ,2.5,
DM1145,Masked Sorcerer,Monster (Effect),900,1400,"When this card inflicts Battle Damage to your opponent's Life Points, draw 1 card from your Deck.",2.5,
DM1146,Mass Driver,Spell,,,Tribute 1 monster on your side of the field to inflict 400 points of damage to your opponent's Life ,2.3,
DM1147,Master & Expert,Monster (Normal),1200,1000,A deadly duo consisting of a beast master and its loyal servant.,2.1,
DM1148,Master Kyonshee,Monster (Normal),1750,1000,A wandering Kyonshee searching for a strong rival to defeat. They say he was known as the master of ,2.5,
DM1149,Master Monk,Monster (Effect),1900,1000,This card cannot be Normal Summoned or Set. This card cannot be Special Summoned except by Tributing,2.5,
DM1150,Master of Oz,Monster (Fusion),4200,3700,"""Big Koala"" + ""Des Kangaroo""",5.1,
DM1151,Mataza the Zapper,Monster (Effect),1300,800,This card can make a second attack during each Battle Phase. Control of this face-up card on the fie,2.3,
DM1152,Mavelus,Monster (Fusion),1300,900,"""Tyhone"" + ""Wings of Wicked Flame""",3.1,
DM1153,Maximum Six,Monster (Effect),1900,1600,"When this card is Tribute Summoned: Roll a six-sided die, and this card gains ATK equal to the resul",2.5,
DM1154,Mazera DeVille,Monster (Effect),2800,2300,This card cannot be Normal Summoned or Set. This card cannot be Special Summoned except by Tributing,4.5,
DM1155,Mech Bass,Monster (Normal),1800,1500,''This monster carries a devastating plasma cannon on its powerful back.'',2.1,
DM1156,Mech Mole Zombie,Monster (Normal),500,400,''This creature attacks by launching missile-like arms.'',1.3,
DM1157,Mecha-Dog Marron,Monster (Effect),1000,1000,"When this card is destroyed by battle and sent to the Graveyard, inflict 1000 damage to both players",2.2,
DM1158,Mechaleon,Monster (Normal),800,600,''This monster can hide just about anywhere by adopting the colors of its surroundings.'',1.5,
DM1159,Mechanical Snail,Monster (Normal),800,1000,A cyborg snail that still travels at a slow pace.,1.5,
DM1160,Mechanicalchaser,Monster (Normal),1850,800,A hunter that relentlessly pursues its target by order of the Machine King.,3.1,
DM1161,Meda Bat,Monster (Normal),800,400,"An eyeball fiend created by a servant of the wicked, it uses ""Dark Blasts"" to blow away its enemies.",1.5,
DM1162,Medusa Worm,Monster (Effect),500,600,"Once per turn, you can flip this card into face-down Defense Position. When this card is Flip Summon",1.5,
DM1163,Mefist the Infernal General,Monster (Effect),1800,1700,"If this card attacks a Defense Position monster, inflict piercing battle damage. If this card inflic",2.3,
DM1164,Mega Thunderball,Monster (Normal),750,600,Rolls along the ground releasing bolts of electricity to attack its enemies.,1.3,
DM1165,Mega Ton Magical Cannon,Spell,,,Remove 10 Spell Counters on your side of the field. Destroy all cards on your opponent's side of the,3.5,
DM1166,Megamorph,Spell,,,"While your LP is lower than your opponent's, the equipped monster's ATK becomes double its original ",3.5,
DM1167,Megarock Dragon,Monster (Effect),0,0,This card cannot be Normal Summoned or Set. This card cannot be Special Summoned except by removing ,1.3,
DM1168,Megasonic Eye,Monster (Normal),1500,1800,"Made of mysterious metal, this monster is a doomsday machine from the edge of the universe.",2.1,
DM1169,Megazowler,Monster (Normal),1800,2000,Nothing stands in the way of this spike-covered dinosaur!,3.3,
DM1170,Megirus Light,Monster (Normal),900,600,''The fatal beams from the eyes of this monster result in grim destruction.'',1.5,
DM1171,Melchid the Four-Face Beast,Monster (Normal),1500,1200,This monster has four different masks for four different attacks.,2.3,
DM1172,Meotoko,Monster (Normal),700,600,Dis big ol' guy wit' a big ol' eye shoots a nasty ray beam right atcha!,1.3,
DM1173,Mermaid Knight,Monster (Effect),1500,700,"While ""Umi"" is face-up on the field, this card can attack twice during the same Battle Phase.",2.5,
DM1174,Mesmeric Control,Spell,,,"During your opponent's next turn after you activate this card, your opponent cannot change the battl",3.5,
DM1175,Messenger of Peace,Spell,,,"Monsters with 1500 or more ATK cannot declare an attack. Once per turn, during your Standby Phase, p",2.3,
DM1176,Metal Armored Bug,Monster (Normal),2800,1500,A gigantic insect-like creature covered by thick armor. Everything in his path is destroyed.,4.3,
DM1177,Metal Detector,Trap,,,You can only activate this card when a Continuous Trap Card is activated. Negate all Continuous Trap,3.5,
DM1178,Metal Dragon,Monster (Fusion),1850,1700,"""Steel Ogre Grotto #1"" + ""Lesser Dragon""",3.1,
DM1179,Metal Fish,Monster (Normal),1600,1900,A metal fish with a razor-sharp caudal fin.,2.3,
DM1180,Metal Guardian,Monster (Normal),1150,2150,"A fiend guarding the treasures of the netherworld, it's most at home in the dark.",3.5,
DM1181,Metal Reflect Slime,Trap,,,Special Summon this card in Defense Position as an Effect Monster (Aqua/WATER/Level 10/ATK 0/DEF 300,3.5,
DM1182,Metallizing Parasite - Lunatite,Monster (Effect),1000,500,"Once per turn, during your Main Phase, if you control this monster on the field, you can equip it to",1.2,
DM1183,Metalmorph,Trap,,,Target 1 face-up monster on the field; equip this card to that target. It gains 300 ATK/DEF. If it a,3.5,
DM1184,Metalsilver Armor,Spell,,,"As long as you control the monster equipped with this card, your opponent cannot use the effect of a",3.5,
DM1185,Metalzoa,Monster (Effect),3000,2300,"Cannot be Normal Summoned/Set. Must first be Special Summoned (from your Deck) by Tributing ""Zoa"" eq",5.1,
DM1186,Metamorphosis,Spell,,,Tribute 1 monster. Special Summon 1 Fusion Monster from your Extra Deck with the same Level as the T,3.5,
DM1187,Meteo the Matchless,Monster (Effect),2400,2000,This card cannot be Special Summoned. This card must be Tribute Summoned by offering 3 Beast-Warrior,3.3,
DM1188,Meteor Black Dragon,Monster (Fusion),3500,2000,"""Red-Eyes Black Dragon"" + ""Meteor Dragon""",5.1,
DM1189,Meteor Dragon,Monster (Normal),1800,2000,This dragon appeared from the sky and crashed to the earth.,3.3,
DM1190,Meteor of Destruction,Spell,,,If your opponent's Life Points are higher than 3000: Inflict 1000 damage to your opponent.,2.3,
DM1191,Meteorain,Trap,,,"During this turn, when your monsters attack with an ATK that is higher than the DEF of your opponent",1.4,
DM1192,Michizure,Trap,,,"When a monster is sent from the field to your GY, even during the Damage Step: Target 1 monster on t",2.3,
DM1193,Micro Ray,Trap,,,Target 1 face-up monster on the field; that target's DEF becomes 0 until the end of this turn.,1.4,
DM1194,Mid Shield Gardna,Monster (Effect),100,1800,"Once per turn, you can flip this card into face-down Defense Position. Negate the activation of any ",3.3,
DM1195,Midnight Fiend,Monster (Normal),800,600,''This monster only appears when a midnight tribute is made.'',1.5,
DM1196,Mighty Guard,Monster (Normal),500,1200,A machine soldier that was developed as a guard. It is made of rust-proof metal.,2.1,
DM1197,Mikazukinoyaiba,Monster (Normal),2200,2350,A dragon warrior of the moon armed with a crescent sword.,2.5,
DM1198,Millennium Golem,Monster (Normal),2000,2200,"For nearly a millennium, this golem has served as guardian of an ancient treasure trove.",3.5,
DM1199,Millennium Scorpion,Monster (Effect),2000,1800,Each time this card destroys 1 monster on your opponent's side of the field by battle and sends it t,3.5,
DM1200,Millennium Shield,Monster (Normal),0,3000,A famous shield said to belong to an ancient Egyptian Pharaoh. Legends tell of its power to block an,5.1,
DM1201,Milus Radiant,Monster (Effect),300,250,"As long as this card remains face-up on the field, increase the ATK of all EARTH monsters by 500 poi",1.3,
DM1202,Minar,Monster (Effect),850,750,When this card is discarded directly from your hand to the Graveyard by an effect of a card controll,2.2,
DM1203,Mind Control,Spell,,,"Target 1 monster your opponent controls; until the End Phase, take control of that target, but it ca",3.5,
DM1204,Mind Crush,Trap,,,"Declare 1 card name; if that card is in your opponent's hand, they must discard all copies of it, ot",2.3,
DM1205,Mind Haxorz,Trap,,,Pay 500 Life Points. Look at your opponent's hand and all Set cards on their side of the field.,2.3,
DM1206,Mind Wipe,Spell,,,Activate only if your opponent has 3 or less cards in their hand. Your opponent adds their hand to t,2.3,
DM1207,Mind on Air,Monster (Effect),1000,1600,Your opponent must play with their hand revealed.,2.2,
DM1208,Mine Golem,Monster (Effect),1000,1900,"When this card is destroyed by battle and sent to the Graveyard, inflict 500 damage to your opponent",3.5,
DM1209,Minefield Eruption,Trap,,,"Inflict 1000 damage to your opponent for each face-up ""Mine Golem"" on your side of the field. After ",3.5,
DM1210,Minomushi Warrior,Monster (Normal),1300,1200,''A rock warrior that wields a heavy blade carved from stone.'',2.1,
DM1211,Minor Goblin Official,Trap,,,You can only activate this card when your opponent's Life Points are 3000 or less. Inflict 500 point,1.4,
DM1212,Miracle Dig,Spell,,,"If 5 or more of your monsters are currently removed from play, return 3 of them to the Graveyard.",2.3,
DM1213,Miracle Restoring,Trap,,,"Remove 2 Spell Counters from your side of the field, then target 1 ""Dark Magician"" or ""Buster Blader",3.5,
DM1214,Mirage Dragon,Monster (Effect),1600,600,Your opponent cannot activate Trap Cards during the Battle Phase.,3.2,
DM1215,Mirage Knight,Monster (Effect),2800,2000,"Cannot be Normal Summoned/Set. Must be Special Summoned by ""Dark Flare Knight"" and cannot be Special",4.5,
DM1216,Mirage of Nightmare,Spell,,,"Once per turn, during your opponent's Standby Phase: Draw cards until you have 4 cards in your hand.",5.5,
DM1217,Mirror Force,Trap,,,When an opponent's monster declares an attack: Destroy all your opponent's Attack Position monsters.,5.1,
DM1218,Mirror Wall,Trap,,,Each of your opponent's monsters that conducted an attack while this card was face-up on the field h,2.3,
DM1219,Misairuzame,Monster (Normal),1400,1600,A missile-launching fish protected by deadly spikes.,1.5,
DM1220,Mispolymerization,Trap,,,Activate only when a Fusion Monster is Special Summoned. Return all face-up Fusion Monsters to their,3.5,
DM1221,Moai Interceptor Cannons,Monster (Effect),1100,2000,"Once per turn, you can flip this card into face-down Defense Position.",3.5,
DM1222,Mobius the Frost Monarch,Monster (Effect),2400,1000,When this card is Tribute Summoned: You can target up to 2 Spell/Trap Cards on the field; destroy th,4.3,
DM1223,Moisture Creature,Monster (Effect),2800,2900,"If you Tribute Summon this monster by Tributing 3 monsters on the field, destroy all Spell and Trap ",4.5,
DM1224,Mokey Mokey,Monster (Normal),300,100,An outcast angel. Nobody knows what he is thinking at all. Sometimes he gets mad and that is dreadfu,1.1,
DM1225,Mokey Mokey Smackdown,Spell,,,"While a face-up ""Mokey Mokey"" is on your side of the field, if a Fairy-Type monster on your side of ",2.3,
DM1226,Molten Behemoth,Monster (Normal),1000,2200,"A giant born from magma, it attacks with a magma punch.",3.5,
DM1227,Molten Destruction,Spell,,,All FIRE monsters gain 500 ATK and lose 400 DEF.,1.4,
DM1228,Molten Zombie,Monster (Effect),1600,400,When this card is Special Summoned from the Graveyard: Draw 1 card.,3.2,
DM1229,Mon Larvas,Monster (Normal),1300,1400,"''A further step in the evolutionary chain, it is much more powerful than ""Larvas"".''",2.3,
DM1230,Monk Fighter,Monster (Effect),1300,1000,Battle Damage to this card's controller from a battle involving this card becomes 0.,2.3,
DM1231,Monster Egg,Monster (Normal),600,900,A warrior hidden within an egg that attacks enemies by flinging eggshells.,1.5,
DM1232,Monster Eye,Monster (Effect),250,350,"You can pay 1000 Life Points; add 1 ""Polymerization"" from your Graveyard to your hand.",1.3,
DM1233,Monster Gate,Spell,,,Tribute 1 monster; excavate cards from the top of your Deck until you excavate a monster that can be,3.5,
DM1234,Monster Reborn,Spell,,,Target 1 monster in either GY; Special Summon it.,5.1,
DM1235,Monster Recovery,Spell,,,"Target 1 monster you control that is owned by you; if that monster is still on the field, shuffle it",3.5,
DM1236,Monster Tamer,Monster (Normal),1800,1600,A master of monsters that exercises control over several creatures.,2.1,
DM1237,Monstrous Bird,Monster (Normal),2000,1900,''Few have set eyes on this dive-bombing bird and lived to tell the tale.'',3.3,
DM1238,Monsturtle,Monster (Normal),800,1000,"''Protected by a spiked shell, this turtle has a very nasty disposition.''",1.5,
DM1239,Moon Envoy,Monster (Normal),1100,1000,Many have fallen victim to this lunar warrior's crescent pike.,1.5,
DM1240,Mooyan Curry,Spell,,,Choose 1 player; that player gains 200 Life Points.,1.4,
DM1241,Morale Boost,Spell,,,"Each time a player equips an Equip Spell Card, increase the Life Points of the controller of that Eq",3.5,
DM1242,Morinphen,Monster (Normal),1550,1300,A strange fiend with long arms and razor-sharp talons.,1.3,
DM1243,Morphing Jar,Monster (Effect),700,600,"FLIP: Both players discard as many cards as possible from their hands, then each player draws 5 card",4.5,
DM1244,Morphing Jar #2,Monster (Effect),800,700,"FLIP: Shuffle all monsters on the field into the Deck. Then, each player excavates cards from the to",2.2,
DM1245,Mother Grizzly,Monster (Effect),1400,1000,When this card is destroyed by battle and sent to the Graveyard: You can Special Summon 1 WATER mons,2.5,
DM1246,Mountain,Spell,,,"All Dragon, Winged Beast, and Thunder monsters on the field gain 200 ATK/DEF.",1.4,
DM1247,Mountain Warrior,Monster (Normal),600,1000,A tough warrior that can move smoothly on even the roughest terrain.,1.5,
DM1248,Mr. Volcano,Monster (Normal),2100,1300,This seemingly mild-mannered creature has an extremely volatile temper.,3.5,
DM1249,Mucus Yolk,Monster (Effect),0,100,This card can attack your opponent's Life Points directly. Each time this card inflicts Battle Damag,1.3,
DM1250,Mudora,Monster (Effect),1500,1800,This card gains 200 ATK for each Fairy-Type monster in your Graveyard.,3.3,
DM1251,Muka Muka,Monster (Effect),600,300,This card gains 300 ATK and DEF for each card in your hand.,1.5,
DM1252,Muko,Trap,,,Activate only when an effect of drawing card(s) is activated. Both players see the cards drawn by th,2.3,
DM1253,Multiplication of Ants,Spell,,,"Tribute 1 Insect-Type Monster on your side of the field. Special Summon 2 ""Army Ant Tokens"" (Insect-",3.5,
DM1254,Multiply,Spell,,,"Tribute 1 face-up ""Kuriboh""; Special Summon as many ""Kuriboh Tokens"" (Fiend/DARK/Level 1/ATK 300/DEF",3.5,
DM1255,Muse-A,Monster (Normal),850,900,''A fairy of the arts that is unbeatable on the harp.'',1.5,
DM1256,Mushroom Man,Monster (Normal),800,600,"Found in humid regions, this creature attacks enemies with a lethal rain of poison spores.",1.5,
DM1257,Mushroom Man #2,Monster (Effect),1250,800,A player controlling this monster loses 300 Life Points during each of his/her Standby Phases when t,2.3,
DM1258,Musician King,Monster (Fusion),1750,1500,"""Witch of the Black Forest"" + ""Lady of Faith""",3.5,
DM1259,Mustering of the Dark Scorpions,Spell,,,"If you control a face-up ""Don Zaloog"": You can Special Summon any number of ""Dark Scorpion"" monsters",3.5,
DM1260,My Body as a Shield,Spell,,,When your opponent activates a Spell/Trap Card or monster effect that would destroy a monster(s) on ,3.5,
DM1261,Mysterious Guard,Monster (Effect),800,1200,"FLIP: Target 1 face-up monster on the field, and if you control a face-up Warrior-Type monster, you ",2.3,
DM1262,Mysterious Puppeteer,Monster (Effect),1000,1500,"Each time you or your opponent Normal Summons or Flip Summons a monster, increase your Life Points b",2.5,
DM1263,Mystery Hand,Monster (Normal),500,500,''This monster twists reality and reaches between dimensions to attack its enemies.'',1.3,
DM1264,Mystic Box,Spell,,,"Target 1 monster your opponent controls and 1 monster you control; destroy the first target, then gi",3.5,
DM1265,Mystic Clown,Monster (Normal),1500,1000,Nothing can stop the mad attack of this powerful creature.,2.3,
DM1266,Mystic Horseman,Monster (Normal),1300,1550,"Half man and half horse, this monster is known for its extreme speed.",2.3,
DM1267,Mystic Lamp,Monster (Effect),400,300,This monster can attack your opponent's Life Points directly.,1.3,
DM1268,Mystic Plasma Zone,Spell,,,Increase the ATK of all DARK monsters by 500 points and decreases their DEF by 400 points.,1.4,
DM1269,Mystic Probe,Trap,,,You can only activate this card when a Continuous Spell Card is activated. Negate all Continuous Spe,3.5,
DM1270,Mystic Swordsman LV2,Monster (Effect),900,0,"At the start of the Damage Step, if this card attacked a face-down Defense Position monster: Destroy",2.2,
DM1271,Mystic Swordsman LV4,Monster (Effect),1900,1600,"Cannot be Normal Summoned (but can be Normal Set). At the start of the Damage Step, if this card att",4.5,
DM1272,Mystic Swordsman LV6,Monster (Effect),2300,1700,"Cannot be Normal Summoned (but can be Normal Set). At the start of the Damage Step, if this card att",4.2,
DM1273,Mystic Tomato,Monster (Effect),1400,1100,When this card is destroyed by battle and sent to the GY: You can Special Summon 1 DARK monster with,2.5,
DM1274,Mystical Beast of Serket,Monster (Effect),2500,2000,"If you do not control ""Temple of the Kings"", destroy this card. Banish any monster destroyed by batt",4.3,
DM1275,Mystical Capture Chain,Monster (Normal),700,700,"''A mystical chain that binds enemies, rendering them immobile.''",1.3,
DM1276,Mystical Elf,Monster (Normal),800,2000,"A delicate elf that lacks offense, but has a terrific defense backed by mystical power.",3.3,
DM1277,Mystical Knight of Jackal,Monster (Effect),2700,1200,When this card destroys 1 monster on your opponent's side of the field and sends it to your opponent,4.5,
DM1278,Mystical Moon,Spell,,,Equip only to a Beast-Warrior-Type monster. It gains 300 ATK and DEF.,3.5,
DM1279,Mystical Refpanel,Trap,,,Activate only when a Spell Card that targets 1 player is activated. The effect of that Spell Card is,2.3,
DM1280,Mystical Sand,Monster (Fusion),2100,1700,"""Giant Soldier of Stone"" + ""Ancient Elf""",3.5,
DM1281,Mystical Sheep #1,Monster (Effect),1150,900,"You can substitute this card for any 1 Fusion-Material Monster. When you do this, the other Fusion-M",2.2,
DM1282,Mystical Sheep #2,Monster (Normal),800,1000,A monstrous sheep with a long tail for hypnotizing enemies.,1.5,
DM1283,Mystical Shine Ball,Monster (Normal),500,500,"A soul of light covered by mystical shine. When you see its beautiful shape, your dream will come tr",1.3,
DM1284,Mystical Space Typhoon,Spell,,,Target 1 Spell/Trap on the field; destroy that target.,4.5,
DM1285,Mystik Wok,Spell,,,Tribute 1 monster. Select either its ATK or DEF and gain that many Life Points.,1.4,
DM1286,Narrow Pass,Trap,,,This card can only be activated when both players have 2 monsters or less on their respective sides ,2.3,
DM1287,Neck Hunter,Monster (Normal),1750,1900,A fiend that wields a mean sickle and fires devastating beams from its eyes.,2.3,
DM1288,Necklace of Command,Spell,,,"When a monster you control that's equipped with this card is destroyed by battle, and this card is s",3.5,
DM1289,Necrolancer the Time-lord,Monster (Normal),800,900,The one-eyed Necrolancer launches his onslaught from a dimensional ring that can appear out of thin ,1.5,
DM1290,Necrovalley,Spell,,,"All ""Gravekeeper's"" monsters gain 500 ATK and DEF. Cards in the Graveyard cannot be banished. Negate",3.5,
DM1291,Needle Ball,Monster (Effect),750,700,FLIP: You can pay 2000 Life Points to inflict 1000 damage to your opponent.,1.5,
DM1292,Needle Burrower,Monster (Effect),1700,1700,"When this card destroys a monster and sends it to the Graveyard as a result of battle, inflict damag",2.2,
DM1293,Needle Ceiling,Trap,,,When there are 4 or more monsters on the field: Destroy all face-up monsters.,3.5,
DM1294,Needle Wall,Trap,,,"Once per turn, during your Standby Phase: Roll a six-sided die. Treat your opponent's Main Monster Z",1.4,
DM1295,Needle Worm,Monster (Effect),750,600,FLIP: Send the top 5 cards of your opponent's Deck to the Graveyard.,1.5,
DM1296,Negate Attack,Trap,,,"When an opponent's monster declares an attack: Target the attacking monster; negate the attack, then",3.5,
DM1297,Neko Mane King,Monster (Effect),0,0,"During your opponent's turn, when this card in your possession is sent to your Graveyard by an oppon",1.3,
DM1298,Nekogal #1,Monster (Normal),1100,900,"A pussycat-fairy. Contrary to her lovely beauty, she claws on her enemies.",1.5,
DM1299,Nekogal #2,Monster (Normal),1900,2000,A fast and lethal creature with very dangerous claws.,3.3,
DM1300,Nemuriko,Monster (Normal),800,700,A child-like creature that controls a sleep fiend to beckon enemies into eternal slumber.,1.5,
DM1301,Neo Aqua Madoor,Monster (Normal),1200,3000,"The true nature of this wizard, who rules all water. It defends itself with a vast, impenetrable wal",5.1,
DM1302,Neo Bug,Monster (Normal),1800,1700,A huge bug-like monster said to come from another planet. It gathers in swarms.,3.1,
DM1303,Neo the Magic Swordsman,Monster (Normal),1700,1000,"A dimensional drifter who not only practices sorcery, but is also a sword and martial arts master.",2.5,
DM1304,Newdoria,Monster (Effect),1200,800,If this card is destroyed by battle and sent to the GY: Target 1 monster on the field; destroy that ,2.3,
DM1305,Night Assailant,Monster (Effect),200,500,FLIP: Target 1 monster your opponent controls; destroy that target. When this card is sent from the ,3.5,
DM1306,Night Lizard,Monster (Normal),1150,1300,''A lizard warrior protected by a hide of very tough emerald scales.'',2.1,
DM1307,Nightmare Horse,Monster (Effect),500,400,This card can attack your opponent's Life Points directly even if there is a monster on your opponen,1.5,
DM1308,Nightmare Penguin,Monster (Effect),900,1800,All face-up WATER monsters you control gain 200 ATK. When this card is flipped face-up: Target 1 car,3.3,
DM1309,Nightmare Scorpion,Monster (Normal),900,800,"''A creature that generates nightmares to haunt an opponent, it attacks with four poisonous tails.''",1.5,
DM1310,Nightmare Wheel,Trap,,,Activate this card by targeting 1 monster your opponent controls; it cannot attack or change its bat,3.5,
DM1311,Nightmare's Steelcage,Spell,,,This card remains on the field for 2 of your opponent's turns. While this card is face-up on the fie,2.3,
DM1312,Nimble Momonga,Monster (Effect),1000,100,"When this card is destroyed by battle and sent to the Graveyard: Gain 1000 Life Points, then you can",2.2,
DM1313,Nin-Ken Dog,Monster (Normal),1800,1000,"A Ninja dog who has mastered extreme Ninjutsu. Through hard training, it learned the technique to me",3.1,
DM1314,Ninja Grandmaster Sasuke,Monster (Effect),1800,1000,"At the start of the Damage Step, if this card attacks a face-up Defense Position monster: Destroy th",3.3,
DM1315,Ninjitsu Art of Decoy,Trap,,,"Target 1 face-up ""Ninja"" monster you control; it cannot be destroyed by battle.",3.5,
DM1316,Ninjitsu Art of Transformation,Trap,,,"Activate this card by Tributing 1 face-up ""Ninja"" monster; Special Summon 1 Beast, Winged Beast, or ",3.5,
DM1317,Nitro Unit,Spell,,,Equip only to a monster on your opponent's side of the field. When the equipped monster is destroyed,3.5,
DM1318,Niwatori,Monster (Normal),900,800,Swallows enemies whole and uses their essence as energy.,1.5,
DM1319,Nobleman of Crossout,Spell,,,"Target 1 face-down monster on the field; destroy that target, and if you do, banish it, then, if it ",2.3,
DM1320,Nobleman of Extermination,Spell,,,"Select, destroy, and remove from play 1 face-down Spell or Trap Card. If it was a Trap Card, both pl",2.3,
DM1321,Nobleman-Eater Bug,Monster (Effect),900,1200,FLIP: Destroy 2 monsters on the field.,1.3,
DM1322,Non Aggression Area,Trap,,,You can only activate this card during your Standby Phase. Discard 1 card from your hand. Your oppon,3.5,
DM1323,Non-Spellcasting Area,Spell,,,"All face-up monsters, except for Effect Monsters, are unaffected by other Spell effects.",2.3,
DM1324,Novox's Prayer,Spell,,,"This card is used to Ritual Summon ""Skull Guardian"". You must also offer monsters whose total Level ",2.3,
DM1325,Nubian Guard,Monster (Effect),500,500,"If this card inflicts Battle Damage to your opponent's Life Points, you can return 1 Continuous Spel",1.5,
DM1326,Numinous Healer,Trap,,,You can only activate this card when you take damage to your Life Points. Increase your Life Points ,1.4,
DM1327,Nutrient Z,Trap,,,"During damage calculation, when you are about to take 2000 or more battle damage: Gain 4000 LP first",1.4,
DM1328,Nuvia the Wicked,Monster (Effect),2000,800,"If this monster is Normal Summoned, destroy this card. If your opponent controls any monster, decrea",4.5,
DM1329,Obese Marmot of Nefariousness,Monster (Normal),750,800,An ill-mannered field varmint that will sink its teeth into anything.,1.5,
DM1330,Obnoxious Celtic Guard,Monster (Effect),1400,1200,Cannot be destroyed by battle with a monster that has 1900 or more ATK.,2.5,
DM1331,Ocean Dragon Lord - Neo-Daedalus,Monster (Effect),2900,1600,This card cannot be Normal Summoned or Set. This card cannot be Special Summoned except by Tributing,4.5,
DM1332,Octoberser,Monster (Normal),1600,1400,"With the head of a fish and the legs of an octopus, this strange creature attacks enemies by flingin",1.5,
DM1333,Ocubeam,Monster (Normal),1550,1650,"Frightening in appearance, this creature uses its large eyes and ears to keep track of any movement.",1.5,
DM1334,Offerings to the Doomed,Spell,,,"Target 1 face-up monster on the field; destroy that target, also skip your next Draw Phase.",2.3,
DM1335,Ogre of the Black Shadow,Monster (Normal),1200,1400,An ogre possessed by the powers of the dark. Few can withstand its rapid charge.,2.3,
DM1336,Ojama Black,Monster (Normal),0,1000,He's one of the Ojama Trio. It's said that he butts in by any means necessary. It's also said that w,1.5,
DM1337,Ojama Delta Hurricane!!,Spell,,,"You can only activate this card while ""Ojama Green"", ""Ojama Yellow"" and ""Ojama Black"" are face-up on",3.5,
DM1338,Ojama Green,Monster (Normal),0,1000,He's one of the Ojama Trio. It's said that he butts in by any means necessary. It's also said that w,1.5,
DM1339,Ojama King,Monster (Fusion),0,3000,"""Ojama Green"" + ""Ojama Yellow"" + ""Ojama Black"" Select up to 3 of your opponent's Monster Card Zones.",5.1,
DM1340,Ojama Trio,Trap,,,"Special Summon 3 ""Ojama Tokens"" (Beast-Type/LIGHT/Level 2/ATK 0/DEF 1000) to your opponent's field i",3.5,
DM1341,Ojama Yellow,Monster (Normal),0,1000,He's one of the Ojama Trio. It's said that he butts in by any means necessary. It's also said that w,1.5,
DM1342,Old Vindictive Magician,Monster (Effect),450,600,FLIP: Target 1 monster your opponent controls; destroy that target.,1.5,
DM1343,Ominous Fortunetelling,Trap,,,"During your Standby Phase, select 1 random card from your opponent's hand. Call the type of card (Mo",2.3,
DM1344,One Who Hunts Souls,Monster (Normal),1100,1000,''This dangerous creature brandishes a soul-sucking sword.'',1.5,
DM1345,One-Eyed Shield Dragon,Monster (Normal),700,1300,"This dragon wears a shield not only for its own protection, but also for ramming its enemies.",2.1,
DM1346,Oni Tank T-34,Monster (Normal),1400,1700,An armored tank possessed by a fiend that will pursue enemies until they're crushed.,2.5,
DM1347,Ooguchi,Monster (Effect),300,250,This monster may attack your opponent's Life Points directly.,1.3,
DM1348,Ookazi,Spell,,,Inflict 800 damage to your opponent.,2.3,
DM1349,Oppressed People,Monster (Normal),400,2000,"They are oppressed, but believe they will have their freedom someday.",3.3,
DM1350,Opti-Camouflage Armor,Spell,,,You can only equip this card to a Level 1 monster. A monster equipped with this card can attack your,3.5,
DM1351,Opticlops,Monster (Normal),1800,1700,"A one-eyed giant that serves the ""Dark Ruler Ha Des"", it skewers its enemies with its sharp horn, sh",3.1,
DM1352,Orca Mega-Fortress of Darkness,Monster (Effect),2100,1200,"By Tributing 1 ""Torpedo Fish"" on your side of the field, destroy 1 monster on the field. By Tributin",4.2,
DM1353,Ordeal of a Traveler,Trap,,,When an opponent's monster declares an attack: Your opponent chooses 1 random card in your hand and ,2.3,
DM1354,Order to Charge,Spell,,,"Target 1 non-Token Normal Monster you control; Tribute that Normal Monster, and if you do, destroy 1",3.5,
DM1355,Order to Smash,Trap,,,"Target 1 Level 2 or lower non-Token Normal Monster you control; Tribute that Normal Monster, and if ",3.5,
DM1356,Orion the Battle King,Monster (Normal),1800,1500,''None have lived to tell tales of this powerful battle fairy.'',2.1,
DM1357,Oscillo Hero,Monster (Normal),1250,700,A strange warrior from another dimension.,2.1,
DM1358,Otohime,Monster (Effect),0,100,Cannot be Special Summoned. During the End Phase of the turn this card is Normal Summoned or flipped,1.3,
DM1359,Outstanding Dog Marron,Monster (Effect),100,100,"When this card is sent to your Graveyard, add it to your Deck and shuffle it.",1.3,
DM1360,Overdrive,Monster (Normal),1600,1500,An all-terrain armored vehicle armed with a heavy-duty machine gun.,2.5,
DM1361,Overpowering Eye,Spell,,,Target 1 Zombie monster you control with 2000 or less ATK; it can attack directly this turn.,3.5,
DM1362,Owner's Seal,Spell,,,Return control of all monsters on the field to their original owners.,3.5,
DM1363,Painful Choice,Spell,,,Select 5 cards from your Deck and show them to your opponent. Your opponent selects 1 card among the,5.5,
DM1364,Paladin of White Dragon,Monster (Ritual),1900,1200,"You can Ritual Summon this card with ""White Dragon Ritual"". At the start of the Damage Step, if this",3.3,
DM1365,Pale Beast,Monster (Normal),1500,1200,"With skin tinged a bluish-white, this strange creature is a fearsome sight to behold.",2.3,
DM1366,Pandemonium,Spell,,,"Neither player has to pay Life Points during the Standby Phase for ""Archfiend"" monsters. Each time a",2.3,
DM1367,Pandemonium Watchbear,Monster (Effect),1300,1800,"As long as this card remains face-up on your side of the field, ""Pandemonium"" on your side of the fi",3.3,
DM1368,Panther Warrior,Monster (Effect),2000,1600,This card cannot declare an attack unless you Tribute 1 monster.,4.5,
DM1369,Paralyzing Potion,Spell,,,A non Machine-Type monster equipped with this card cannot attack.,3.5,
DM1370,Parasite Paracide,Monster (Effect),500,300,FLIP: Put this card face-up in your opponent's Deck and shuffle it. When your opponent draws this ca,1.5,
DM1371,Parrot Dragon,Monster (Normal),2000,1300,A dragon from the cartoons that's more dangerous than it appears to be.,3.3,
DM1372,Patrician of Darkness,Monster (Effect),2000,1400,You choose the attack targets for your opponent's attacks.,3.5,
DM1373,Patrol Robo,Monster (Effect),1100,900,"During your Standby Phase, you can look at 1 face-down card that's been Set by your opponent as long",2.2,
DM1374,Peacock,Monster (Normal),1700,1500,A large peacock that launches its feathers in a lethal attack.,1.5,
DM1375,Penalty Game!,Trap,,,When your opponent has 4 cards in their hand: Activate 1 of these effects. ● Your opponent cannot dr,2.3,
DM1376,Pendulum Machine,Monster (Normal),1750,2000,A horrible torture machine with a large pendulum blade.,3.3,
DM1377,Penguin Knight,Monster (Effect),900,800,When this card is sent directly from your Deck to the Graveyard by an effect of a card controlled by,2.2,
DM1378,Penguin Soldier,Monster (Effect),750,500,FLIP: You can target up to 2 monsters on the field; return those targets to the hand.,3.5,
DM1379,Penumbral Soldier Lady,Monster (Effect),2100,1400,"If this card battles a LIGHT monster, this card gains 1000 ATK during the Damage Step only.",4.2,
DM1380,People Running About,Monster (Normal),600,600,"Although they always suffer in silence, they swear an oath to inevitably revolt.",1.3,
DM1381,Perfect Machine King,Monster (Effect),2700,1500,This card gains 500 ATK for each other Machine-Type monster on the field.,4.5,
DM1382,Perfectly Ultimate Great Moth,Monster (Effect),3500,3000,"Cannot be Normal Summoned/Set. Must first be Special Summoned (from your hand) by Tributing 1 ""Petit",5.1,
DM1383,Performance of Sword,Monster (Ritual),1950,1850,"This monster can only be Ritual Summoned with the Ritual Spell Card, ""Commencement Dance"". You must ",3.3,
DM1384,Peten the Dark Clown,Monster (Effect),500,1200,When this card is sent to your Graveyard: You can banish this card from your Graveyard; Special Summ,2.3,
DM1385,Petit Angel,Monster (Normal),600,900,A quick-moving and tiny fairy that's very difficult to hit.,1.5,
DM1386,Petit Dragon,Monster (Normal),600,700,A very small dragon known for its vicious attacks.,1.3,
DM1387,Petit Moth,Monster (Normal),300,200,This small but deadly creature is better off avoided.,1.1,
DM1388,Phantom Dewan,Monster (Normal),700,600,''A sorcerer that can paralyze an enemy with a single curse.'',1.3,
DM1389,Phantom Ghost,Monster (Normal),600,800,''A vengeful spirit made up of many restless souls.'',1.5,
DM1390,Pharaoh's Servant,Monster (Normal),900,0,An apparition of those said to formerly serve the Pharaoh. It has tremendous loyalty that does not w,1.5,
DM1391,Pharaoh's Treasure,Trap,,,Shuffle this card face-up into your Deck. If you draw this face-up card that was added to the Deck b,2.3,
DM1392,Pharaonic Protector,Monster (Normal),900,0,"The mummy of a soldier that has been guarding the royal family for thousands of years. Even now, its",1.5,
DM1393,Phoenix Wing Wind Blast,Trap,,,"Discard 1 card, then target 1 card your opponent controls; place that target on the top of the Deck.",3.5,
DM1394,Physical Double,Trap,,,"During your opponent's turn: Target 1 face-up monster your opponent controls; Special Summon 1 ""Mira",3.5,
DM1395,Pikeru's Circle of Enchantment,Trap,,,Damage to you from card effects becomes 0 until the end of this turn.,2.3,
DM1396,Pikeru's Second Sight,Trap,,,"Until your opponent's second End Phase, your opponent shows you all cards that they draw before addi",2.3,
DM1397,Pinch Hopper,Monster (Effect),1000,1200,When this card you control is sent to your GY: You can Special Summon 1 Insect monster from your han,2.3,
DM1398,Pineapple Blast,Trap,,,"When you Normal Summon a monster, if your opponent controls more monsters than you do: Destroy your ",3.5,
DM1399,Piranha Army,Monster (Effect),800,200,The Battle Damage this card inflicts by attacking your opponent's Life Points directly is doubled.,2.2,
DM1400,Pitch-Black Power Stone,Trap,,,"Activate this card by placing 3 Spell Counters on it. Once per turn, during your turn: You can targe",2.3,
DM1401,Pitch-Black Warwolf,Monster (Effect),1600,600,Your opponent cannot activate Trap Cards during the Battle Phase.,3.2,
DM1402,Pitch-Dark Dragon,Monster (Effect),900,600,"Once per turn, during your Main Phase, if you control this card on the field, you can equip it to yo",2.2,
DM1403,Pixie Knight,Monster (Effect),1300,200,"When this card is sent to the Graveyard as a result of battle, your opponent selects 1 Spell Card fr",2.3,
DM1404,Poison Fangs,Spell,,,"Each time a Beast-Type monster inflicts Battle Damage to your opponent, inflict 500 damage to your o",2.3,
DM1405,Poison Mummy,Monster (Effect),1000,1800,FLIP: Inflict 500 damage to your opponent.,3.3,
DM1406,Poison of the Old Man,Spell,,,Activate 1 of these effects; ● Gain 1200 LP. ● Inflict 800 damage to your opponent.,1.4,
DM1407,Pole Position,Trap,,,The face-up monster(s) with the highest ATK on the field is unaffected by the effects of Spell Cards,2.3,
DM1408,Polymerization,Spell,,,"Fusion Summon 1 Fusion Monster from your Extra Deck, using monsters from your hand or field as Fusio",2.3,
DM1409,Possessed Dark Soul,Monster (Effect),1200,800,You can Tribute this face-up card; take control of all face-up Level 3 or lower monsters your oppone,2.3,
DM1410,Pot of Greed,Spell,,,Draw 2 cards.,5.1,
DM1411,Pot the Trick,Monster (Normal),400,400,"''A not-so-powerful servant, he is an errand boy of a master sorcerer.''",1.1,
DM1412,Power of Kaishin,Spell,,,Equip only to an Aqua monster. It gains 300 ATK/DEF.,3.5,
DM1413,Pragtical,Monster (Fusion),1900,1500,"""Trakodon"" + ""Flame Viper""",3.3,
DM1414,Precious Cards from Beyond,Spell,,,When you Tribute Summon a monster using 2 or more Tributes: Draw 2 cards.,3.5,
DM1415,Premature Burial,Spell,,,"Activate this card by paying 800 LP, then target 1 monster in your Graveyard; Special Summon that ta",5.1,
DM1416,Prevent Rat,Monster (Normal),500,2000,This creature is shielded with a tough hide of hair and is excellent at defending itself.,3.3,
DM1417,Prickle Fairy,Monster (Effect),300,2000,"Your opponent cannot attack Insect monsters. If this card battled a monster, at the end of the Damag",3.5,
DM1418,Primal Seed,Spell,,,"If ""Black Luster Soldier - Envoy of the Beginning"" or ""Chaos Emperor Dragon - Envoy of the End"" is o",2.3,
DM1419,Princess of Tsurugi,Monster (Effect),900,700,FLIP: Inflict 500 damage to your opponent for each Spell and Trap Card on your opponent's side of th,2.2,
DM1420,Prisman,Monster (Normal),800,1000,This crystalline monster focuses light to create a lethal laser.,1.5,
DM1421,Prohibition,Spell,,,"Activate by declaring 1 card name. Cards with that name, and their effects, cannot be used. Cards al",2.3,
DM1422,Protector of the Sanctuary,Monster (Effect),1100,1900,Your opponent cannot draw cards except during Draw Phases.,3.5,
DM1423,Protector of the Throne,Monster (Normal),800,1500,"While the king is away, this queen protects his throne with a mighty defense.",2.3,
DM1424,Psychic Kappa,Monster (Normal),400,1000,An amphibian with a myriad of powers to shield it from enemy attacks.,1.5,
DM1425,Pumpking the King of Ghosts,Monster (Effect),1800,2000,"Gains 100 ATK/DEF while ""Castle of Dark Illusions"" is on the field. Also, during your Standby Phase,",3.5,
DM1426,Punished Eagle,Monster (Fusion),2100,1800,"""Blue-Winged Crown"" + ""Niwatori""",3.5,
DM1427,Puppet Master,Monster (Effect),0,0,"When this card is Tribute Summoned: You can pay 2000 LP, then target 2 Fiend monsters in your GY; Sp",1.3,
DM1428,Pyramid Energy,Spell,,,You can select and activate 1 of the following effects: ● Increase the ATK of all face-up monsters o,1.4,
DM1429,Pyramid Turtle,Monster (Effect),1200,1400,When this card is destroyed by battle and sent to the GY: You can Special Summon 1 Zombie monster wi,2.5,
DM1430,Pyramid of Light,Trap,,,"If this face-up card is removed from your side of the field, destroy ""Andro Sphinx"" and ""Sphinx Tele",2.3,
DM1431,Pyro Clock of Destiny,Trap,,,Move the turn count forward by 1 turn. The turn in which this card is activated continues as normal.,2.3,
DM1432,Queen Bird,Monster (Normal),1200,2000,This monster attacks enemies using its huge beak.,3.3,
DM1433,Queen of Autumn Leaves,Monster (Normal),1800,1500,"Queen of the Emerald Forest and wife of the Spirit King, she lives surrounded by vivid red leaves.",2.1,
DM1434,Queen's Double,Monster (Effect),350,300,This monster may attack your opponent's Life Points directly.,1.3,
DM1435,Queen's Knight,Monster (Normal),1500,1600,"This knight catches her opponents off guard, dominating them with swift yet graceful attacks.",2.5,
DM1436,Question,Spell,,,"When activating this card, your opponent cannot check cards in the Graveyard. Your opponent calls th",3.5,
DM1437,Rabid Horseman,Monster (Fusion),2000,1700,"""Battle Ox"" + ""Mystic Horseman""",3.3,
DM1438,Rafflesia Seduction,Monster (Effect),300,900,FLIP: Take control of 1 face-up monster on your opponent's side of the field until the end of this t,2.2,
DM1439,Raging Flame Sprite,Monster (Effect),100,200,This card can attack your opponent directly. If this card inflicts battle damage to your opponent by,1.3,
DM1440,Raigeki,Spell,,,Destroy all monsters your opponent controls.,5.1,
DM1441,Raigeki Break,Trap,,,"Discard 1 card, then target 1 card on the field; destroy it.",2.3,
DM1442,Raimei,Spell,,,Decrease your opponent's Life Points by 300 points.,2.3,
DM1443,Rain of Mercy,Spell,,,Increases the Life Points of both players by 1000 points.,1.4,
DM1444,Rainbow Flower,Monster (Effect),400,500,This monster may attack your opponent's Life Points directly.,1.5,
DM1445,Rainbow Marine Mermaid,Monster (Normal),1550,1700,''A reticent mermaid who appears only on very rare occasions. She emerges only when a large rainbow ,1.5,
DM1446,Raise Body Heat,Spell,,,Equip only to a Dinosaur monster. It gains 300 ATK/DEF.,3.5,
DM1447,Rare Fish,Monster (Fusion),1500,1200,"""Fusionist"" + ""Enchanting Mermaid""",3.3,
DM1448,Rare Metal Dragon,Monster (Effect),2400,1200,This card cannot be Normal Summoned or Set.,5.1,
DM1449,Rare Metalmorph,Trap,,,"Activate this card by targeting 1 Machine-Type monster on the field; it gains 500 ATK. Once, negate ",3.5,
DM1450,Raregold Armor,Spell,,,"As long as you control the monster equipped with this card, your opponent cannot attack other monste",3.5,
DM1451,Ray & Temperature,Monster (Normal),1000,1000,The Sun and the North Wind join hands to deliver a devastating combination of heat and gale-force wi,1.5,
DM1452,Ray of Hope,Trap,,,Add 2 LIGHT monsters from your Graveyard to your Deck and shuffle it.,2.3,
DM1453,Re-Fusion,Spell,,,"Activate this card by paying 800 LP, then target 1 Fusion Monster in your GY; Special Summon it and ",3.5,
DM1454,Ready for Intercepting,Trap,,,Target 1 Warrior or Spellcaster monster on the field; change that target to face-down Defense Positi,1.4,
DM1455,Really Eternal Rest,Trap,,,Destroy all monsters equipped with an Equip Card(s).,3.5,
DM1456,Reaper of the Cards,Monster (Effect),1380,1930,"FLIP: Select 1 Trap Card on the field and destroy it. If the selected card is Set, pick up and see t",2.5,
DM1457,Reaper on the Nightmare,Monster (Fusion),800,600,"""Spirit Reaper"" + ""Nightmare Horse"" This card is not destroyed as a result of battle. Destroy this c",3.5,
DM1458,Reasoning,Spell,,,Your opponent declares a monster Level from 1 to 12. Excavate cards from the top of your Deck until ,3.5,
DM1459,Reckless Greed,Trap,,,Draw 2 cards and skip your next 2 Draw Phases.,3.5,
DM1460,Recycle,Spell,,,"During your Standby Phase, by paying 300 Life Points, select 1 non-Monster Card in your Graveyard an",2.3,
DM1461,Red Archery Girl,Monster (Normal),1400,1500,"A mermaid archer that hides in a protective shell, waiting for the right moment to strike.",2.3,
DM1462,Red Gadget,Monster (Effect),1300,1500,"When this card is Normal or Special Summoned: You can add 1 ""Yellow Gadget"" from your Deck to your h",2.5,
DM1463,Red Medicine,Spell,,,Increase your Life Points by 500 points.,1.4,
DM1464,Red-Eyes Black Dragon,Monster (Normal),2400,2000,''A ferocious dragon with a deadly attack.'',3.1,
DM1465,Red-Eyes Black Metal Dragon,Monster (Effect),2800,2400,"Cannot be Normal Summoned/Set. Must first be Special Summoned (from your Deck) by Tributing ""Red-Eye",4.5,
DM1466,Red-Eyes Darkness Dragon,Monster (Effect),2400,2000,"Cannot be Normal Summoned/Set. Must be Special Summoned (from your hand) by Tributing 1 ""Red-Eyes B.",3.3,
DM1467,Reflect Bounder,Monster (Effect),1700,1000,"Before damage calculation, if this card is being attacked by an opponent's monster, and was in face-",3.2,
DM1468,Regenerating Mummy,Monster (Effect),1800,1500,When this card is sent from your hand to your Graveyard by an opponent's card effect: Return this ca,3.3,
DM1469,Reinforcement of the Army,Spell,,,Add 1 Level 4 or lower Warrior monster from your Deck to your hand.,3.5,
DM1470,Reinforcements,Trap,,,Target 1 face-up monster on the field; it gains 500 ATK until the end of this turn.,1.4,
DM1471,Release Restraint,Spell,,,"Tribute 1 ""Gearfried the Iron Knight""; Special Summon 1 ""Gearfried the Swordmaster"" from your hand o",3.5,
DM1472,Relieve Monster,Trap,,,When an opponent's monster declares an attack: Target 1 monster you control; return that target to t,3.5,
DM1473,Relinquished,Monster (Ritual),0,0,"You can Ritual Summon this card with ""Black Illusion Ritual"". Once per turn: You can target 1 monste",4.1,
DM1474,Reload,Spell,,,Add all cards in your hand to your Deck and shuffle it. Then draw the same number of cards that you ,2.3,
DM1475,Remove Brainwashing,Trap,,,The control of all monsters on the field returns to the owners.,3.5,
DM1476,Remove Trap,Spell,,,Select 1 face-up Trap Card on the field and destroy it.,2.3,
DM1477,Rescue Cat,Monster (Effect),300,100,"You can send this card to the GY; Special Summon 2 Level 3 or lower Beast monsters from your Deck, b",1.3,
DM1478,Reshef the Dark Being,Monster (Ritual),2500,1500,"This card can only be Ritual Summoned with the Ritual Spell Card, ""Final Ritual of the Ancients"". On",4.1,
DM1479,Respect Play,Trap,,,"During their respective turns, each player must show their opponent their hand.",2.3,
DM1480,Restructer Revolution,Spell,,,Inflict 200 points of damage to your opponent's Life Points for each card in your opponent's hand.,2.3,
DM1481,Resurrection of Chakra,Spell,,,"This card is used to Ritual Summon ""Chakra"". You must also Tribute monsters from your hand or field ",2.3,
DM1482,Return Zombie,Monster (Effect),1000,1600,During your Standby Phase: You can pay 500 Life Points; add this card from your Graveyard to your ha,3.2,
DM1483,Return from the Different Dimension,Trap,,,Pay half your Life Points; Special Summon as many of your banished monsters as possible. During the ,3.5,
DM1484,Return of the Doomed,Spell,,,Discard 1 Monster Card from your hand to the Graveyard. Return 1 of your monsters destroyed and sent,2.3,
DM1485,Reversal Quiz,Spell,,,Send all cards in your hand and on your side of the field to the Graveyard. Call the type of card (S,2.3,
DM1486,Reverse Trap,Trap,,,"Until the End Phase, all effects that add or subtract ATK or DEF are reversed. (Additions now subtra",1.4,
DM1487,Revival Jam,Monster (Effect),1500,500,When this card is destroyed by battle and sent to the Graveyard: You can pay 1000 Life Points; Speci,2.5,
DM1488,Revival of Dokurorider,Spell,,,"This card is used to Ritual Summon ""Dokurorider"". You must also offer monsters whose total Level Sta",2.3,
DM1489,Rhaimundos of the Red Sword,Monster (Normal),1200,1300,"Armed with the Sword of Crimson Flames, this warrior can bind a monster with fiery restraints.",2.1,
DM1490,Right Arm of the Forbidden One,Monster (Normal),200,300,A forbidden right arm sealed by magic. Whosoever breaks this seal will know infinite power.,4.5,
DM1491,Right Leg of the Forbidden One,Monster (Normal),200,300,A forbidden right leg sealed by magic. Whosoever breaks this seal will know infinite power.,4.5,
DM1492,Rigorous Reaver,Monster (Effect),1600,100,FLIP: Each player discards 1 card. If this card is destroyed by battle: The monster that destroyed i,3.2,
DM1493,Ring of Destruction,Trap,,,During your opponent's turn: Target 1 face-up monster your opponent controls whose ATK is less than ,5.1,
DM1494,Ring of Magnetism,Spell,,,You can only equip this card to a monster on your side of the field. Decrease the ATK and DEF of a m,3.5,
DM1495,Riryoku,Spell,,,"Target 2 face-up monsters on the field; halve the ATK of 1 monster, and if you do, add that lost ATK",2.3,
DM1496,Riryoku Field,Trap,,,When a Spell Card that targets exactly 1 monster on the field (and no other cards) is activated: Neg,3.5,
DM1497,Rising Air Current,Spell,,,All WIND monsters gain 500 ATK and lose 400 DEF.,1.4,
DM1498,Rite of Spirit,Trap,,,"Target 1 ""Gravekeeper's"" monster in your GY; Special Summon that target. This card's activation and ",3.5,
DM1499,Ritual Weapon,Spell,,,Equip only to a Level 6 or lower Ritual Monster. It gains 1500 ATK and DEF.,3.5,
DM1500,Rivalry of Warlords,Trap,,,Each player can only control 1 Type of monster. Send all other face-up monsters they control to the ,3.5,
DM1501,Roaring Ocean Snake,Monster (Fusion),2100,1800,"""Mystic Lamp"" + ""Hyosube""",3.5,
DM1502,Robbin' Goblin,Trap,,,"Each time a monster you control inflicts Battle Damage to your opponent, your opponent discards 1 ra",3.5,
DM1503,Robbin' Zombie,Trap,,,If your monster inflicts battle damage to your opponent: Send the top card of their Deck to the GY.,2.3,
DM1504,Robolady,Monster (Normal),450,900,"A warrior fully covered with metal. It upgrades by fusing with ""Roboyarou"".",1.5,
DM1505,Robotic Knight,Monster (Normal),1600,1800,"The Commander of Machine-Types, he serves the Machine King. He is famous for the way he controls his",3.1,
DM1506,Roboyarou,Monster (Normal),900,450,"A warrior fully covered with metal. It upgrades by fusing with ""Robolady"".",1.5,
DM1507,Roc from the Valley of Haze,Monster (Effect),2400,1400,"When this card is sent directly from your hand to the Graveyard, add this card to the Deck and shuff",4.3,
DM1508,Rock Bombardment,Trap,,,Send 1 Rock monster from your Deck to the GY; inflict 500 damage to your opponent.,2.3,
DM1509,Rock Ogre Grotto #1,Monster (Normal),800,1200,"Protected by a solid body of rock, this monster throws a bone-shattering punch.",2.1,
DM1510,Rock Ogre Grotto #2,Monster (Normal),700,1400,"A golem formed by boulders, this monster turns its enemies to stone and crushes them to dust.",2.3,
DM1511,Rock Spirit,Monster (Normal),1650,1900,''A fairy of boulders that looks like an earthenware statue. It is quite strong in terms of both att,2.3,
DM1512,Rocket Jumper,Monster (Effect),1000,800,"If the only cards on your opponent's side of the field are Defense Position monsters, this card can ",2.2,
DM1513,Rocket Warrior,Monster (Effect),1500,1300,"During your Battle Phase, this card cannot be destroyed by battle and you take no battle damage from",2.5,
DM1514,Rod of Silence - Kay'est,Spell,,,"The equipped monster gains 500 DEF. Negate other Spell effects that target the equipped monster, and",3.5,
DM1515,Rod of the Mind's Eye,Spell,,,"If a monster equipped with this card inflicts Battle Damage to your opponent, the damage becomes 100",3.5,
DM1516,Rogue Doll,Monster (Normal),1600,1000,"A deadly doll gifted with mystical power, it is particularly powerful when attacking against dark fo",2.5,
DM1517,Root Water,Monster (Normal),900,800,An amphibian capable of calling up a massive tidal wave from the dark seas to wipe out enemy monster,1.5,
DM1518,Rope of Life,Trap,,,"When a monster(s) is destroyed by battle and sent to your GY: Discard your entire hand (min.1), then",3.5,
DM1519,Rose Spectre of Dunn,Monster (Fusion),2000,1800,"""Feral Imp"" + ""Snakeyashi""",3.3,
DM1520,Roulette Barrel,Monster (Effect),1000,2000,"Once per turn: You can roll a six-sided die twice, choose 1 result, and destroy 1 monster on the fie",3.5,
DM1521,Royal Command,Trap,,,"Flip monsters' effects cannot be activated, also their effects are negated.",3.5,
DM1522,Royal Decree,Trap,,,Negate all other Trap effects on the field.,3.5,
DM1523,Royal Guard,Monster (Normal),1900,2200,''A mechanized soldier created to protect royalty.'',3.5,
DM1524,Royal Keeper,Monster (Effect),1600,1700,"Once per turn, you can flip this card into face-down Defense Position. When this card is flipped fac",3.2,
DM1525,Royal Magical Library,Monster (Effect),0,2000,"Each time a Spell Card is activated, place 1 Spell Counter on this card when that Spell resolves (ma",3.5,
DM1526,Royal Oppression,Trap,,,"Either player can pay 800 Life Points to negate the Special Summon of a monster(s), and/or an effect",3.5,
DM1527,Royal Surrender,Trap,,,Activate only when your opponent activates a Continuous Trap Card. Negate the activation and the eff,3.5,
DM1528,Royal Tribute,Spell,,,"If you control ""Necrovalley"": Both players discard any monsters in their hands.",3.5,
DM1529,Rude Kaiser,Monster (Normal),1800,1600,"With an axe in each hand, this monster delivers heavy damage.",2.1,
DM1530,Rush Recklessly,Spell,,,Target 1 face-up monster on the field; it gains 700 ATK until the end of this turn.,1.4,
DM1531,Ryu Kokki,Monster (Effect),2400,2000,"At the end of the Damage Step, if this card battled a Warrior or Spellcaster-Type monster: Destroy t",4.3,
DM1532,Ryu Senshi,Monster (Fusion),2000,1200,"""Warrior Dai Grepher"" + ""Spirit Ryu""  A Fusion Summon of this card can only be done with the above F",3.3,
DM1533,Ryu-Kishin,Monster (Normal),1000,500,A very elusive creature that looks like a harmless statue until it attacks.,1.5,
DM1534,Ryu-Kishin Clown,Monster (Effect),800,500,"When this card is Summoned (including Flip Summon and Special Summon), select 1 face-up monster on t",2.2,
DM1535,Ryu-Kishin Powered,Monster (Normal),1600,1200,A gargoyle enhanced by the powers of darkness. Very sharp talons make it a worthy opponent.,2.5,
DM1536,Ryu-Ran,Monster (Normal),2200,2600,A vicious little dragon sheltered in an egg that looks deceptively harmless.,4.3,
DM1537,Sacred Crane,Monster (Effect),1600,400,If this card is Special Summoned: Draw 1 card.,3.2,
DM1538,Sacred Phoenix of Nephthys,Monster (Effect),2400,1600,"Once per turn, during your next Standby Phase after this card was destroyed by a card effect and sen",3.3,
DM1539,Sage's Stone,Spell,,,"If you control a face-up ""Dark Magician Girl"": Special Summon 1 ""Dark Magician"" from your hand or De",3.5,
DM1540,Saggi the Dark Clown,Monster (Normal),600,1500,This clown appears from nowhere and executes very strange moves to avoid enemy attacks.,2.3,
DM1541,Sakuretsu Armor,Trap,,,When an opponent's monster declares an attack: Target the attacking monster; destroy that target.,2.3,
DM1542,Salamandra,Spell,,,Equip only to a FIRE monster. It gains 700 ATK.,3.5,
DM1543,Salvage,Spell,,,Target 2 WATER monsters with 1500 or less ATK in your Graveyard; add those targets to your hand.,2.3,
DM1544,Sand Gambler,Monster (Effect),300,1600,"Toss a coin 3 times. If all 3 results are Heads, destroy all monsters on your opponent's side of the",3.2,
DM1545,Sand Stone,Monster (Normal),1300,1600,"Appears from underground and attacks with long, snake-like tentacles.",1.5,
DM1546,Sanga of the Thunder,Monster (Effect),2600,2200,"During damage calculation in your opponent's turn, if this card is being attacked: You can target th",4.5,
DM1547,Sangan,Monster (Effect),1000,600,If this card is sent from the field to the GY: Add 1 monster with 1500 or less ATK from your Deck to,4.5,
DM1548,Sanwitch,Monster (Fusion),2100,1800,"""Sangan"" + ""Witch of the Black Forest""",3.5,
DM1549,Sasuke Samurai,Monster (Effect),500,800,"At the start of the Damage Step, if this card attacks a face-down Defense Position monster: Destroy ",2.2,
DM1550,Sasuke Samurai #2,Monster (Effect),200,300,"Once per turn, during your Main Phase, you can pay 800 Life Points. If you do this, until the End Ph",1.3,
DM1551,Sasuke Samurai #3,Monster (Effect),1000,1000,"When this card inflicts Battle Damage to your opponent's Life Points, your opponent draws cards unti",2.2,
DM1552,Sasuke Samurai #4,Monster (Effect),1200,1200,"If this card battles a monster, toss a coin and call heads or tails before damage calculation. If yo",2.3,
DM1553,Satellite Cannon,Monster (Effect),0,0,This card cannot be destroyed by battle with a Level 7 or lower monster. During each of your End Pha,1.3,
DM1554,Scapegoat,Spell,,,"Special Summon 4 ""Sheep Tokens"" (Beast/EARTH/Level 1/ATK 0/DEF 0) in Defense Position. They cannot b",3.5,
DM1555,Science Soldier,Monster (Normal),800,800,Soldiers equipped with state-of-the-art weaponry to face unknown creatures.,1.5,
DM1556,Scroll of Bewitchment,Spell,,,Select 1 Attribute. Change the Attribute of the equipped monster to the one you select.,3.5,
DM1557,Sea Kamen,Monster (Normal),1100,1300,A merciless monster that tears opponents to shreds with razor-like claws.,2.1,
DM1558,Sea King Dragon,Monster (Normal),2000,1700,"''Protected by a tough shell, this master of the sea attacks its enemies with toxic bubbles.''",3.3,
DM1559,Sea Serpent Warrior of Darkness,Monster (Normal),1800,1500,A warrior who defends the world of the Sea of Darkness. He prides himself on his fighting prowess bo,3.1,
DM1560,Seal of the Ancients,Spell,,,"Pay 1000 Life Points. Pick up and see all face-down cards on your opponent's side of the field, then",2.3,
DM1561,Sealmaster Meisei,Monster (Normal),1100,900,One of the few people who has a good command of Talismans. His history is a mystery.,1.5,
DM1562,Sebek's Blessing,Spell,,,If your monster inflicts battle damage to your opponent by a direct attack: Gain the same amount of ,1.4,
DM1563,Second Coin Toss,Spell,,,"When a coin toss is performed, you can choose to redo the coin toss. (If the toss involved multiple ",2.3,
DM1564,Second Goblin,Monster (Effect),100,100,"Once per turn, during your Main Phase, if you control this monster on the field, you can equip it to",1.3,
DM1565,Secret Barrel,Trap,,,Inflict 200 damage to your opponent for each card in their hand and for each card they control.,3.5,
DM1566,Secret Pass to the Treasures,Spell,,,Select 1 face-up monster with an ATK equal to 1000 points or less on your side of the field. During ,2.3,
DM1567,Sectarian of Secrets,Monster (Normal),700,500,"This wizard worships the darkness, and is served by a sinister hand that drags its enemies into obli",1.3,
DM1568,Seiyaryu,Monster (Normal),2500,2300,A mystical dragon that burns away the unworthy with its mystic flames.,4.1,
DM1569,Self-Destruct Button,Trap,,,You can only activate this card while your Life Points are lower than your opponent's Life Points an,2.3,
DM1570,Sengenjin,Monster (Normal),2750,2500,An unstoppable savage that carries Millennium Items.,4.3,
DM1571,Senju of the Thousand Hands,Monster (Effect),1400,1000,When this card is Normal or Flip Summoned: You can add 1 Ritual Monster from your Deck to your hand.,3.5,
DM1572,Senri Eye,Spell,,,"Once per turn, during each of your Standby Phases, you can pay 100 Life Points to look at 1 card on ",2.3,
DM1573,Sentinel of the Seas,Monster (Normal),1300,1000,A merman warrior that relentlessly attacks those who pollute the seas with their presence.,2.1,
DM1574,Serial Spell,Spell,,,Activate only when you activate one of your Normal Spell Cards. Discard all the cards in your hand t,2.3,
DM1575,Serpent Marauder,Monster (Normal),700,600,''A snake with a single eye that blows an icy breath to freeze its opponents.'',1.3,
DM1576,Serpent Night Dragon,Monster (Normal),2350,2400,A dragon created from the soul of a wicked knight.,3.1,
DM1577,Serpentine Princess,Monster (Effect),1400,2000,"If this face-up card is returned from the field to your Deck, select and Special Summon 1 Level 3 or",3.5,
DM1578,Servant of Catabolism,Monster (Effect),700,500,This monster may attack your opponent's Life Points directly.,1.5,
DM1579,Seven Tools of the Bandit,Trap,,,"When a Trap Card is activated: Pay 1000 LP; negate the activation, and if you do, destroy it.",3.5,
DM1580,Shadow Ghoul,Monster (Effect),1600,1300,This card gains 100 ATK for each monster in your Graveyard.,2.2,
DM1581,Shadow Specter,Monster (Normal),500,200,"Powerful in groups, this animal spirit can be found in the wastelands.",1.3,
DM1582,Shadow Spell,Trap,,,"Activate this card by targeting 1 face-up monster your opponent controls; it loses 700 ATK, also it ",3.5,
DM1583,Shadow Tamer,Monster (Effect),800,700,"(This card is always treated as an ""Archfiend"" card.) FLIP: Target 1 Fiend-Type monster your opponen",2.2,
DM1584,Shadow of Eyes,Trap,,,When a monster(s) is Set on your opponent's field: Target 1 of those Set monsters; change that Set m,2.3,
DM1585,Shadowknight Archfiend,Monster (Effect),2000,1600,The controller of this card pays 900 Life Points during each of his/her Standby Phases (this is not ,4.5,
DM1586,Shadowslayer,Monster (Effect),1400,200,"If all monsters your opponent controls are in Defense Position, this card can attack your opponent d",2.5,
DM1587,Shapesnatch,Monster (Normal),1200,1700,"A bow tie with horrible power, it attacks an opponent by controlling others.",1.5,
DM1588,Share the Pain,Spell,,,Tribute 1 monster; make your opponent Tribute 1 monster (for no effect).,2.3,
DM1589,Shield & Sword,Spell,,,"Switch the original ATK and DEF of all face-up monsters currently on the field, until the end of thi",1.4,
DM1590,Shield Crush,Spell,,,Target 1 Defense Position monster on the field; destroy that target.,1.4,
DM1591,Shift,Trap,,,"When your opponent targets exactly 1 monster you control (and no other cards) for an attack, or with",3.5,
DM1592,Shifting Shadows,Spell,,,"Once per turn, by paying 300 Life Points, rearrange the face-down Defense Position monsters in your ",1.4,
DM1593,Shinato's Ark,Spell,,,"This card is used to Ritual Summon ""Shinato, King of a Higher Plane"". You must also Tribute monsters",2.3,
DM1594,"Shinato, King of a Higher Plane",Monster (Ritual),3300,3000,"This card can only be Ritual Summoned with the Ritual Spell Card, ""Shinato's Ark"". You must also Tri",5.1,
DM1595,Shine Palace,Spell,,,Equip only to a LIGHT monster. It gains 700 ATK.,3.5,
DM1596,Shining Abyss,Monster (Normal),1600,1800,This monster employs the powers of both Light and Darkness.,3.1,
DM1597,Shining Angel,Monster (Effect),1400,800,When this card is destroyed by battle and sent to the Graveyard: You can Special Summon 1 LIGHT mons,2.5,
DM1598,Shining Friendship,Monster (Normal),1300,1100,The peacemaker among monsters.,2.1,
DM1599,Shooting Star Bow - Ceal,Spell,,,"The equipped monster loses 1000 ATK, but it can attack your opponent directly.",3.5,
DM1600,Shovel Crusher,Monster (Normal),900,1200,"Armed with a pair of shovels, this monster will destroy anything that stands in its way.",2.1,
DM1601,Shrink,Spell,,,Target 1 face-up monster on the field; its original ATK becomes halved until the end of this turn.,2.3,
DM1602,Silent Doom,Spell,,,"Target 1 Normal Monster in your Graveyard; Special Summon it in face-up Defense Position, but it can",3.5,
DM1603,Silent Swordsman LV3,Monster (Effect),1000,1000,Negate your opponent's Spell effects that target this card. During your Standby Phase: You can send ,2.2,
DM1604,Silent Swordsman LV5,Monster (Effect),2300,1000,Unaffected by your opponent's Spell effects. During your next Standby Phase after this card inflicts,4.2,
DM1605,Silent Swordsman LV7,Monster (Effect),2800,1000,"Cannot be Normal Summoned/Set. Must be Special Summoned by ""Silent Swordsman LV5"", and cannot be Spe",4.5,
DM1606,Silpheed,Monster (Effect),1700,700,This card cannot be Normal Summoned or Set. This card can only be Special Summoned by removing from ,3.2,
DM1607,Silver Bow and Arrow,Spell,,,A Fairy-Type monster equipped with this card increases its ATK and DEF by 300 points.,3.5,
DM1608,Silver Fang,Monster (Normal),1200,800,"A snow wolf that's beautiful to the eye, but absolutely vicious in battle.",2.1,
DM1609,Sinister Serpent,Monster (Effect),300,250,"During your Standby Phase, if this card is in your GY: You can add it to your hand, also banish 1 ""S",4.5,
DM1610,Sixth Sense,Trap,,,"Declare 2 numbers from 1 to 6, then your opponent rolls a six-sided die, and if the result is one of",2.3,
DM1611,Skelengel,Monster (Effect),900,400,FLIP: Draw 1 card.,2.2,
DM1612,Skelgon,Monster (Fusion),1700,1900,"""The Snake Hair"" + ""Blackland Fire Dragon""",3.3,
DM1613,Skill Drain,Trap,,,Activate by paying 1000 LP. Negate the effects of all face-up monsters while they are face-up on the,3.5,
DM1614,Skilled Dark Magician,Monster (Effect),1900,1700,"Each time a Spell Card is activated, place 1 Spell Counter on this card when that Spell resolves (ma",4.5,
DM1615,Skilled White Magician,Monster (Effect),1700,1900,"Each time a Spell Card is activated, place 1 Spell Counter on this card when that Spell Card resolve",3.5,
DM1616,Skull Archfiend of Lightning,Monster (Effect),2500,1200,"During each of your Standby Phases, you must pay 500 Life Points (this is not optional), or this car",4.3,
DM1617,Skull Dice,Trap,,,Roll a six-sided die. All monsters your opponent currently controls lose ATK/DEF equal to the result,3.5,
DM1618,Skull Dog Marron,Monster (Normal),1350,2000,A lost dog that wandered off 1000 years ago. He's still waiting for his master to come for him.,3.3,
DM1619,Skull Guardian,Monster (Ritual),2050,2500,"This monster can only be Ritual Summoned with the Ritual Spell Card, ""Novox's Prayer"". You must also",4.1,
DM1620,Skull Invitation,Trap,,,"Each time a card(s) is sent to the Graveyard, inflict 300 damage to its owner for each card sent.",2.3,
DM1621,Skull Knight,Monster (Fusion),2650,2250,"""Tainted Wisdom"" + ""Ancient Brain""",4.3,
DM1622,Skull Knight #2,Monster (Effect),1000,1200,"If you Tribute Summon a Fiend-Type monster by Tributing this monster, Special Summon 1 ""Skull Knight",2.3,
DM1623,Skull Lair,Trap,,,Remove from play any number of Monster Cards in your Graveyard to destroy 1 face-up monster on the f,2.3,
DM1624,Skull Mariner,Monster (Normal),1600,900,A pirate ship that appears out of the mist and sinks any seagoing vessels.,2.5,
DM1625,Skull Red Bird,Monster (Normal),1550,1200,This monster swoops down and attacks with a rain of knives stored in its wings.,2.3,
DM1626,Skull Servant,Monster (Normal),300,200,A skeletal ghost that isn't strong but can mean trouble in large numbers.,1.1,
DM1627,Skull Stalker,Monster (Normal),900,800,"Foist he's gonna grab yer monstah wit' his claws, den attack again wit' his poizin stingah!",1.5,
DM1628,Skull-Mark Ladybug,Monster (Effect),500,1500,"When this card is sent to the Graveyard, increase your Life Points by 1000 points.",2.5,
DM1629,Skullbird,Monster (Fusion),1900,1700,"""Takuhee"" + ""Temple of Skulls""",3.3,
DM1630,Sky Dragon,Monster (Normal),1900,1800,A flying dragon with four wings housing some very dangerous blades.,2.3,
DM1631,Sky Scout,Monster (Normal),1800,600,"With eyes like a hawk and a flying speed exceeding Mach 5, this monster is a master of the sky.",3.1,
DM1632,Slate Warrior,Monster (Effect),1900,400,FLIP: This card gains 500 ATK and DEF. If this card is destroyed by battle: The monster that destroy,3.5,
DM1633,Sleeping Lion,Monster (Normal),700,1700,A ferocious animal that sleeps all day. Sometimes it's better to let Sleeping Lions lie.,2.5,
DM1634,Slime Toad,Monster (Normal),700,500,"A slime with the head of a frog, it attacks by croaking terribly.",1.3,
DM1635,Slot Machine,Monster (Normal),2000,2300,The machine's ability is said to vary according to its slot results.,2.5,
DM1636,Smashing Ground,Spell,,,"Destroy the 1 face-up monster your opponent controls that has the highest DEF (your choice, if tied)",3.5,
DM1637,Smoke Grenade of the Thief,Spell,,,When this card is destroyed by a card effect while equipped to a monster: Look at your opponent's ha,3.5,
DM1638,Snake Fang,Trap,,,Decrease 1 selected monster's DEF by 500 points during the turn this card is activated.,1.4,
DM1639,Snakeyashi,Monster (Normal),1000,1200,This monster is formed by several serpents that break off to individually attack nearby enemies.,2.1,
DM1640,Snatch Steal,Spell,,,Equip only to a monster your opponent controls. Take control of the equipped monster. During each of,5.1,
DM1641,Sogen,Spell,,,All Warrior and Beast-Warrior monsters on the field gain 200 ATK/DEF.,1.4,
DM1642,Solar Flare Dragon,Monster (Effect),1500,1000,"While you control another Pyro-Type monster, this card cannot be attacked. During each of your End P",2.5,
DM1643,Solar Ray,Trap,,,Inflict 600 points of damage to your opponent's Life Points for each face-up LIGHT monster on your s,2.3,
DM1644,Solemn Judgment,Trap,,,"When a monster(s) would be Summoned, OR a Spell/Trap Card is activated: Pay half your LP; negate the",3.5,
DM1645,Solemn Wishes,Trap,,,Increase your Life Points by 500 points each time you draw a card (or cards).,1.4,
DM1646,Solitude,Monster (Normal),1050,1000,''This beast-warrior swings a massive scythe that feeds on the souls of the slain.'',1.5,
DM1647,Solomon's Lawbook,Trap,,,Skip your next Standby Phase.,2.3,
DM1648,Sonic Bird,Monster (Effect),1400,1000,When this card is Normal or Flip Summoned: You can add 1 Ritual Spell from your Deck to your hand.,3.5,
DM1649,Sonic Duck,Monster (Normal),1700,700,"A duck which can walk at a sonic speed. Sometimes, he cannot deal with his incredible pace and loses",2.5,
DM1650,Sonic Jammer,Monster (Effect),350,650,FLIP: Your opponent cannot activate any Spell Cards until the end of the End Phase of the next turn.,1.5,
DM1651,Sonic Maid,Monster (Normal),1200,900,"A maiden that uses sound to her advantage, she wields a scythe that's shaped like a musical note.",2.1,
DM1652,Sorcerer of Dark Magic,Monster (Effect),3200,2800,Cannot be Normal Summoned/Set. Must be Special Summoned (from your hand) by Tributing 2 Level 6 or h,5.1,
DM1653,Sorcerer of the Doomed,Monster (Normal),1450,1200,"A slave of the dark arts, this sorcerer is a master of life-extinguishing spells.",2.3,
DM1654,Soul Absorption,Spell,,,If a card(s) is banished: Gain 500 LP for each.,1.4,
DM1655,Soul Demolition,Trap,,,You can only activate this card's effect when you have a Fiend-Type monster on your side of the fiel,2.3,
DM1656,Soul Exchange,Spell,,,"Target 1 monster your opponent controls; this turn, if you Tribute a monster, you must Tribute that ",3.5,
DM1657,Soul Hunter,Monster (Fusion),2200,1800,"""Lord of the Lamp"" + ""Invader from Another Dimension""",3.5,
DM1658,Soul Release,Spell,,,Target up to 5 cards in any GY(s); banish them.,2.3,
DM1659,Soul Resurrection,Trap,,,Activate this card by targeting 1 Normal Monster in your Graveyard; Special Summon it in Defense Pos,3.5,
DM1660,Soul Reversal,Spell,,,Return 1 Flip Effect Monster from your Graveyard to the top of your Deck.,2.3,
DM1661,Soul Rope,Trap,,,When a monster you control is destroyed by a card effect and sent to the Graveyard (except during th,3.5,
DM1662,Soul Taker,Spell,,,"Target 1 face-up monster your opponent controls; destroy that target, then your opponent gains 1000 ",3.5,
DM1663,Soul Tiger,Monster (Normal),0,2100,The soul of a tiger that is said to devour human souls. He is a famous soul that you wouldn't want t,3.5,
DM1664,Soul of Purity and Light,Monster (Effect),2000,1800,This card cannot be Normal Summoned or Set. This card can only be Special Summoned by removing from ,3.5,
DM1665,Soul of the Pure,Spell,,,Increase your Life Points by 800 points.,1.4,
DM1666,Soul-Absorbing Bone Tower,Monster (Effect),400,1500,"If you control another Zombie-Type monster, your opponent cannot target this card for attacks. Each ",2.5,
DM1667,Souleater,Monster (Normal),1200,0,A living wonder of mystery.,2.1,
DM1668,Souls of the Forgotten,Monster (Normal),900,200,A wicked spirit created by the hateful souls of those who fell in battle. It grows by assimilating t,1.5,
DM1669,Space Mambo,Monster (Normal),1700,1000,A Space Mambo floating in the vast universe. This living relic was found in the ruins of a super civ,2.5,
DM1670,Sparks,Spell,,,Inflict 200 points of damage to your opponent's Life Points.,2.3,
DM1671,Spatial Collapse,Trap,,,You can only activate this card if both you and your opponent each have 5 or less cards on the field,2.3,
DM1672,Spear Cretin,Monster (Effect),500,500,"FLIP: When this card is sent to the Graveyard after being flipped, each player selects 1 monster fro",1.5,
DM1673,Spear Dragon,Monster (Effect),1900,0,During battle between this attacking card and a Defense Position monster whose DEF is lower than the,4.5,
DM1674,Special Hurricane,Spell,,,Discard 1 card from your hand. Destroy all Special Summoned monsters on the field.,3.5,
DM1675,Spell Absorption,Spell,,,"Each time a Spell Card is activated, gain 500 LP immediately after it resolves.",1.4,
DM1676,Spell Canceller,Monster (Effect),1800,1600,"Spell Cards, and their effects on the field, cannot be activated. Negate all Spell effects on the fi",2.3,
DM1677,Spell Economics,Spell,,,You do not pay Life Points to activate Spell Cards.,2.3,
DM1678,Spell Purification,Trap,,,Discard 1 card from your hand. Destroy all face-up Continuous Spell Cards.,3.5,
DM1679,Spell Reproduction,Spell,,,"Send 2 Spells from your hand to the GY, then target 1 Spell in your GY; add it to your hand.",2.3,
DM1680,Spell Shattering Arrow,Spell,,,"Destroy as many face-up Spells your opponent controls as possible, and if you do, inflict 500 damage",3.5,
DM1681,Spell Shield Type-8,Trap,,,Activate 1 of these effects. ● When a Spell Card is activated that targets exactly 1 monster on the ,3.5,
DM1682,Spell Vanishing,Trap,,,"Discard 2 cards from your hand. Negate the activation of a Spell Card and destroy it. Also, look at ",3.5,
DM1683,Spell of Pain,Spell,,,When your opponent activates a card or effect that would inflict effect damage to you: Your opponent,2.3,
DM1684,Spell-Stopping Statute,Trap,,,Activate only when your opponent activates a Continuous Spell Card. Negate the activation and the ef,3.5,
DM1685,Spellbinding Circle,Trap,,,Activate this card by targeting 1 monster your opponent controls; it cannot attack or change its bat,3.5,
DM1686,Spellbook Organization,Spell,,,"Look at the top 3 cards of your Deck, then return them to the top of the Deck in any order.",2.3,
DM1687,Spherous Lady,Monster (Normal),400,1400,Many have been deceived by the beauty of this vampire.,2.3,
DM1688,Sphinx Teleia,Monster (Effect),2500,3000,"You can pay 500 Life Points to Special Summon this card when ""Pyramid of Light"" is on the field. Thi",5.1,
DM1689,Spike Seadra,Monster (Normal),1600,1300,"Using the spikes sprouting from its body, this creature stabs its opponents and floods them with ele",1.5,
DM1690,Spikebot,Monster (Normal),1800,1700,"A mechanical soldier created by a wicked sorcerer, it attacks with the two steel balls attached to i",2.1,
DM1691,Spiked Snail,Monster (Normal),700,1300,"''A very fast, bipedal snail with a pair of lethal arms.''",2.1,
DM1692,Spiral Spear Strike,Spell,,,"If ""Gaia The Fierce Knight"", ""Swift Gaia the Fierce Knight"", or ""Gaia the Dragon Champion"" you contr",3.5,
DM1693,Spirit Barrier,Trap,,,"While you control a monster, you take no battle damage.",3.5,
DM1694,Spirit Caller,Monster (Effect),1000,1000,FLIP: You can Special Summon 1 Level 3 or lower Normal Monster from your Graveyard to your side of t,2.2,
DM1695,Spirit Elimination,Spell,,,"When monsters in the Graveyard are removed from play, remove monsters on your side of the field from",2.3,
DM1696,"Spirit Message ""A""",Spell,,,"This card can only be placed on the field by the effect of ""Destiny Board"".",2.3,
DM1697,"Spirit Message ""I""",Spell,,,"This card can only be placed on the field by the effect of ""Destiny Board"".",2.3,
DM1698,"Spirit Message ""L""",Spell,,,"This card can only be placed on the field by the effect of ""Destiny Board"".",2.3,
DM1699,"Spirit Message ""N""",Spell,,,"This card can only be placed on the field by the effect of ""Destiny Board"".",2.3,
DM1700,Spirit Reaper,Monster (Effect),300,200,"Cannot be destroyed by battle. After resolving a card effect that targets this face-up card, destroy",4.5,
DM1701,Spirit Ryu,Monster (Effect),1000,1000,"During your Battle Step, if this card battles (Quick Effect): You can discard 1 Dragon monster to th",2.2,
DM1702,Spirit of Flames,Monster (Effect),1700,1000,Cannot be Normal Summoned/Set. Must first be Special Summoned (from your hand) by banishing 1 FIRE m,3.2,
DM1703,Spirit of the Books,Monster (Normal),1400,1200,"This wise spirit dwells in books, using its accumulated knowledge to defeat enemies.",2.3,
DM1704,Spirit of the Breeze,Monster (Effect),0,1800,"As long as this card remains in face-up Attack Position on your side of the field, increase your Lif",3.3,
DM1705,Spirit of the Harp,Monster (Normal),800,2000,A spirit that soothes the soul with the music of its heavenly harp.,3.3,
DM1706,Spirit of the Mountain,Monster (Normal),1300,1800,''An elderly magician that raises mountains with his flute.'',2.1,
DM1707,Spirit of the Pharaoh,Monster (Effect),2500,2000,This card cannot be Normal Summoned or Set. This card cannot be Special Summoned except by the effec,4.3,
DM1708,Spirit of the Pot of Greed,Monster (Effect),100,100,"While this card is in face-up Attack Position on the field, if a player activates ""Pot of Greed"", th",1.3,
DM1709,Spirit of the Winds,Monster (Normal),1700,1400,''A spirit of the wind that calls up a storm when it's in a bad mood.'',1.5,
DM1710,Spirit's Invitation,Trap,,,"Each time your Spirit monster returns to your hand, select 1 monster on your opponent's side of the ",2.3,
DM1711,Spiritual Energy Settle Machine,Spell,,,"As long as this card remains face-up on the field, all Spirit monsters remain face-up on the field a",2.3,
DM1712,Spiritualism,Spell,,,Return 1 Spell/Trap Card your opponent controls to the hand. This card's activation and effect canno,3.5,
DM1713,Spring of Rebirth,Spell,,,Increase your Life Points by 500 points every time monsters return from the field to the owner's han,1.4,
DM1714,St. Joan,Monster (Fusion),2800,2000,"""The Forgiving Maiden"" + ""Darklord Marie""",4.3,
DM1715,Stamping Destruction,Spell,,,"If you control a Dragon monster: Target 1 Spell/Trap on the field; destroy that target, and if you d",3.5,
DM1716,Star Boy,Monster (Effect),550,500,"As long as this card remains face-up on the field, increase the ATK of all WATER monsters by 500 poi",1.5,
DM1717,Statue of the Wicked,Trap,,,"When this face-down card is destroyed and sent to the Graveyard, Special Summon 1 ""Wicked Token"" (Fi",3.5,
DM1718,Staunch Defender,Trap,,,You can only activate this card when your opponent declares an attack. Select 1 face-up monster on y,2.3,
DM1719,Stealth Bird,Monster (Effect),700,1700,Once per turn: You can change this card to face-down Defense Position. When this card is Flip Summon,3.2,
DM1720,Steel Ogre Grotto #1,Monster (Normal),1400,1800,A steel idol worshipped in the Land of Machines.,2.1,
DM1721,Steel Ogre Grotto #2,Monster (Normal),1900,2200,A mechanized iron doll with tremendous strength.,3.5,
DM1722,Steel Scorpion,Monster (Effect),250,300,"A non Machine-Type Monster attacking ""Steel Scorpion"" will be destroyed at the End Phase of your opp",1.3,
DM1723,Steel Shell,Spell,,,A WATER monster equipped with this card increases its ATK by 400 points and decreases its DEF by 200,3.5,
DM1724,Stim-Pack,Spell,,,"The equipped monster gains 700 ATK. During each of your Standby Phases, the equipped monster loses 2",3.5,
DM1725,Stone Armadiller,Monster (Normal),800,1200,Dis stone crittah's got rock-hahd fur. Dat gives him some really good dee-fense!,2.1,
DM1726,Stone Dragon,Monster (Normal),2000,2300,A dragon formed by huge boulders that are also used to attack the enemy.,2.5,
DM1727,Stone Ghost,Monster (Normal),1200,1000,"''With a head that erupts when angered, this monster launches a dangerous shower of boulders.''",2.1,
DM1728,Stone Ogre Grotto,Monster (Normal),1600,1500,A behemoth shaped by giant boulders.,1.5,
DM1729,Stone Statue of the Aztecs,Monster (Effect),300,2000,Double any Battle Damage your opponent takes when they attack this monster.,3.5,
DM1730,Stop Defense,Spell,,,Select 1 Defense Position monster on your opponent's side of the field and change it to Attack Posit,1.4,
DM1731,Stray Lambs,Spell,,,"Special Summon 2 ""Lamb Tokens"" (Beast/EARTH/Level 1/ATK 0/DEF 0) in Defense Position. You cannot Sum",3.5,
DM1732,Strike Ninja,Monster (Effect),1700,1200,(Quick Effect): You can banish 2 DARK monsters from your GY; banish this face-up card until the End ,3.2,
DM1733,Stronghold the Moving Fortress,Trap,,,Special Summon this card in Defense Position as an Effect Monster (Machine/EARTH/Level 4/ATK 0/DEF 2,3.5,
DM1734,Stuffed Animal,Monster (Normal),1200,900,"It may look like a harmless stuffed animal, but its zipper mouth deals a deadly bite.",2.1,
DM1735,Stumbling,Spell,,,"Any monster that is Normal Summoned, Flip Summoned or Special Summoned is changed to Defense Positio",3.5,
DM1736,Succubus Knight,Monster (Normal),1650,1300,A warrior wizard adept in casting bone-chilling spells.,1.5,
DM1737,Suijin,Monster (Effect),2500,2400,"During damage calculation in your opponent's turn, if this card is being attacked: You can target th",4.3,
DM1738,Summoned Skull,Monster (Normal),2500,1200,"A fiend with dark powers for confusing the enemy. Among the Fiend-Type monsters, this monster boasts",4.1,
DM1739,Summoner Monk,Monster (Effect),800,1600,"While this card is face-up on the field, it cannot be Tributed. If this card is Normal or Flip Summo",3.2,
DM1740,Summoner of Illusions,Monster (Effect),800,900,"FLIP: Tribute 1 other monster, and if you do, Special Summon 1 Fusion Monster from your Extra Deck, ",2.2,
DM1741,Super Rejuvenation,Spell,,,"During the End Phase of the turn this card was activated, draw a number of cards equal to the combin",2.3,
DM1742,Super Robolady,Monster (Fusion),1200,500,"""Robolady"" + ""Roboyarou"" You can Special Summon ""Super Roboyarou"" by returning this card from the fi",3.1,
DM1743,Super Roboyarou,Monster (Fusion),1200,500,"""Roboyarou"" + ""Robolady"" You can Special Summon ""Super Robolady"" by returning this card from the fie",3.1,
DM1744,Super War-Lion,Monster (Ritual),2300,2100,"You can Ritual Summon this card with ""War-Lion Ritual"".",3.5,
DM1745,Supply,Monster (Effect),1300,800,FLIP: Return 2 Fusion-Material monsters that were sent to the Graveyard as a result of a Fusion Summ,2.3,
DM1746,Supporter in the Shadows,Monster (Normal),1000,1000,''A cute little elf that hides in the shadows and provides spiritual support.'',1.5,
DM1747,Susa Soldier,Monster (Effect),2000,1600,This card cannot be Special Summoned. This card returns to the owner's hand during the End Phase of ,4.5,
DM1748,Swamp Battleguard,Monster (Effect),1800,1500,"This card gains 500 ATK for each ""Lava Battleguard"" you control.",2.3,
DM1749,Swarm of Locusts,Monster (Effect),1000,500,Once per turn: You can change this card to face-down Defense Position. When this card is Flip Summon,2.2,
DM1750,Swarm of Scarabs,Monster (Effect),500,1000,Once per turn: You can change this card to face-down Defense Position. When this card is Flip Summon,2.2,
DM1751,Swift Gaia the Fierce Knight,Monster (Effect),2300,2100,"If this is the only card in your hand, you can Normal Summon it without Tributing.",3.2,
DM1752,Sword Arm of Dragon,Monster (Normal),1750,2030,"This Jurassic juggernaut has a spine covered in sword-like plates, and a tail to split open skulls.",3.3,
DM1753,Sword Hunter,Monster (Effect),2450,1700,"At the end of the Battle Phase, if this card destroyed a monster(s) by battle and sent it to the Gra",3.3,
DM1754,Sword Slasher,Monster (Normal),1450,1500,A lethal engine of destruction that wields two well-honed blades.,1.3,
DM1755,Sword of Dark Destruction,Spell,,,Equip only to a DARK monster. It gains 400 ATK and loses 200 DEF.,3.5,
DM1756,Sword of Deep-Seated,Spell,,,The equipped monster gains 500 ATK/DEF. If this card is sent to your GY: Place it on top of your Dec,3.5,
DM1757,Sword of Dragon's Soul,Spell,,,"Equip only to a Warrior monster. It gains 700 ATK. After damage calculation, if the equipped monster",3.5,
DM1758,Sword of the Soul-Eater,Spell,,,You can only equip this card to a Level 3 or lower Normal Monster on your side of the field. When yo,3.5,
DM1759,Swords of Concealing Light,Spell,,,"Destroy this card during your 2nd Standby Phase after activation. When this card resolves, change al",3.5,
DM1760,Swords of Revealing Light,Spell,,,"After this card's activation, it remains on the field, but you must destroy it during the End Phase ",4.5,
DM1761,Swordsman from a Distant Land,Monster (Effect),250,250,"If this card attacked an opponent's monster, after damage calculation: Destroy that monster during t",1.3,
DM1762,Swordsman of Landstar,Monster (Normal),500,1200,"An amateur with a sword, this fairy warrior relies on its mysterious powers.",2.1,
DM1763,Swordstalker,Monster (Normal),2000,1600,A monster formed by the vengeful souls of those who passed away in battle.,3.3,
DM1764,Synchar,Monster (Normal),800,900,''This two-headed creature spits laser blasts at its enemies.'',1.5,
DM1765,Tactical Espionage Expert,Monster (Effect),1300,1200,"When this card is Normal Summoned successfully, no Trap Cards can be activated.",2.3,
DM1766,Tailor of the Fickle,Spell,,,Switch 1 Equip Card equipped to a monster to another correct target.,3.5,
DM1767,Tainted Wisdom,Monster (Effect),1250,800,If this Attack Position card is changed to face-up Defense Position: Shuffle your Deck.,2.3,
DM1768,Takriminos,Monster (Normal),1500,1200,A member of a race of sea serpents that freely travels through the sea.,2.3,
DM1769,Takuhee,Monster (Normal),1450,1000,This bird is known far and wide as a harbinger of doom.,2.3,
DM1770,Talisman of Spell Sealing,Trap,,,"You can only activate this card while there is a face-up ""Sealmaster Meisei"" on your side of the fie",3.5,
DM1771,Talisman of Trap Sealing,Spell,,,"You can only activate this card while there is a face-up ""Sealmaster Meisei"" on your side of the fie",3.5,
DM1772,Tao the Chanter,Monster (Normal),1200,900,"''Master of Yin and Yang, this wizard handles a delicate balance of spells and counter spells.''",2.1,
DM1773,Tatsunootoshigo,Monster (Normal),1350,1600,''A bizarre monster with the torso of a horse and a fish's tail. It gallops through the sea as if it,1.5,
DM1774,Taunt,Trap,,,Activate only during your opponent's Main Phase 1; select 1 monster on your side of the field. While,2.3,
DM1775,Temple of Skulls,Monster (Normal),900,1300,A mysterious temple of skulls and bones that pulls in unsuspecting enemies.,2.1,
DM1776,Temple of the Kings,Spell,,,"You can activate 1 Trap Card the turn it was Set. You can send 1 ""Mystical Beast of Serket"" in your ",3.5,
DM1777,Tenderness,Monster (Normal),700,1400,''An adorable fairy that celebrates the gift of love.'',2.3,
DM1778,Tentacle Plant,Monster (Normal),500,600,''A carnivorous plant that has an outgrowth of tentacles. It attacks someone nearby by extending its,1.3,
DM1779,Terra the Terrible,Monster (Normal),1200,1300,"Known as a swamp dweller, this creature is a minion of the dark forces.",2.1,
DM1780,Terraforming,Spell,,,Add 1 Field Spell from your Deck to your hand.,2.3,
DM1781,Terrorking Archfiend,Monster (Effect),2000,1500,This card cannot be Normal Summoned or Flip Summoned unless you have an Archfiend Monster Card on yo,4.5,
DM1782,Terrorking Salmon,Monster (Normal),2400,1000,"A feared salmon, master of the Sea of Darkness. Its roe is the best delicacy in the World of Darknes",4.1,
DM1783,Teva,Monster (Effect),2000,1500,"When this card is Tribute Summoned successfully, your opponent cannot declare an attack during his/h",3.5,
DM1784,That Which Feeds on Life,Monster (Normal),1200,1000,A monster that feeds on the energy of other creatures.,2.1,
DM1785,The 13th Grave,Monster (Normal),1200,900,A zombie that suddenly appeared from plot #13 - an empty grave.,2.1,
DM1786,The A. Forces,Spell,,,All Warrior-Type monsters you control gain 200 ATK for each Warrior or Spellcaster-Type monster you ,3.5,
DM1787,The Agent of Creation - Venus,Monster (Effect),1600,0,"You can pay 500 LP; Special Summon 1 ""Mystical Shine Ball"" from your hand or Deck.",3.2,
DM1788,The Agent of Force - Mars,Monster (Effect),0,0,"This card is unaffected by any Spell Cards. While you control a face-up ""The Sanctuary in the Sky"" a",1.3,
DM1789,The Agent of Judgment - Saturn,Monster (Effect),2400,0,"While your Life Points are higher than your opponent's, you can Tribute this card to inflict damage ",4.3,
DM1790,The Agent of Wisdom - Mercury,Monster (Effect),0,1700,"During your Standby Phase, if you controlled this face-up card and had no cards in your hand at the ",3.2,
DM1791,The All-Seeing White Tiger,Monster (Normal),1300,500,A proud ruler of the jungle that some fear and others respect.,2.1,
DM1792,The Bewitching Phantom Thief,Monster (Normal),700,700,''An elegant thief with a black cloak that charms its enemies.'',1.3,
DM1793,The Big March of Animals,Spell,,,"Until the end of this turn, all face-up Beast-Type monsters on your side of the field gain 200 ATK f",1.4,
DM1794,The Bistro Butcher,Monster (Effect),1800,1000,"When this card inflicts Battle Damage to your opponent, your opponent draws 2 cards.",3.3,
DM1795,The Cheerful Coffin,Spell,,,Discard up to 3 Monster Cards from your hand to the Graveyard.,2.3,
DM1796,The Creator Incarnate,Monster (Effect),1600,1500,"You can Tribute this card; Special Summon 1 ""The Creator"" from your hand.",3.2,
DM1797,The Dark - Hex-Sealed Fusion,Monster (Effect),1000,1600,"You can substitute this card for any 1 Fusion Material Monster, but the other Fusion Material Monste",3.2,
DM1798,The Dark Door,Spell,,,Only 1 monster can attack during each Battle Phase.,2.3,
DM1799,The Dragon Dwelling in the Cave,Monster (Normal),1300,2000,"A huge dragon dwelling in a cave. It is horrible when it gets angry, although it is usually quiet. I",3.3,
DM1800,The Dragon's Bead,Trap,,,Discard 1 card from your hand. Negate the effect of a Trap Card that targets 1 face-up Dragon-Type m,3.5,
DM1801,The Drdek,Monster (Normal),700,800,''A bipedal eyeball that seldom misses an enemy with its lethal talons.'',1.5,
DM1802,The Earl of Demise,Monster (Normal),2000,700,"This gentlemanly creature is extremely wicked, feared by man and fiend alike.",3.3,
DM1803,The Earth - Hex-Sealed Fusion,Monster (Effect),1000,1600,"You can substitute this card for any 1 Fusion Material Monster, but the other Fusion Material Monste",3.2,
DM1804,The Emperor's Holiday,Trap,,,Negate all Equip Card effects on the field.,3.5,
DM1805,The End of Anubis,Monster (Effect),2500,0,"While this card is face-up on the field, all effects of Spell, Trap, and Monster Cards that target a",4.3,
DM1806,The Eye of Truth,Trap,,,"Your opponent must keep their hand revealed. Once per turn, during your opponent's Standby Phase, if",1.4,
DM1807,The Fiend Megacyber,Monster (Effect),2200,1200,"If your opponent controls at least 2 more monsters than you do, you can Special Summon this card (fr",4.2,
DM1808,The First Sarcophagus,Trap,,,"During each of your opponent's End Phases, place 1 card face-up on your side of the field from your ",3.5,
DM1809,The Flute of Summoning Dragon,Spell,,,"Special Summon up to 2 Dragon monsters from your hand. ""Lord of D."" must be on the field to activate",3.5,
DM1810,The Forceful Sentry,Spell,,,Look at your opponent's hand. Select 1 card among them and return it to his/her Deck. The Deck is th,5.1,
DM1811,The Forgiving Maiden,Monster (Effect),850,2000,Tribute this face-up card to return to your hand 1 of your monsters destroyed as a result of battle ,3.5,
DM1812,The Furious Sea King,Monster (Normal),800,700,"Grand King of the Seven Seas, he's able to summon massive tidal waves to drown the enemy.",1.5,
DM1813,The Graveyard in the Fourth Dimension,Spell,,,"Add 2 ""LV"" monsters from your Graveyard to your Deck and shuffle it.",2.3,
DM1814,The Gross Ghost of Fled Dreams,Monster (Normal),1300,1800,"This monster feeds on the dreams of an unwary sleeper, dragging the victim into eternal slumber.",3.1,
DM1815,The Hunter with 7 Weapons,Monster (Effect),1000,600,"When this card is Normal Summoned, declare 1 Type of monster. When battling that Type of monster, in",2.2,
DM1816,The Illusory Gentleman,Monster (Normal),1500,1600,"Wearing odd fashions, this gentleman is very fickle. He sometimes saves people and at other times co",2.5,
DM1817,The Immortal of Thunder,Monster (Effect),1500,1300,FLIP: Increase your Life Points by 3000 points. When this card is sent from the field to the Graveya,2.5,
DM1818,The Inexperienced Spy,Spell,,,Select and see 1 card in your opponent's hand.,2.3,
DM1819,The Judgement Hand,Monster (Normal),1400,700,An all-powerful hand that delivers ruthless attacks.,2.3,
DM1820,The Kick Man,Monster (Effect),1300,300,"When this card is Special Summoned, you can equip 1 appropriate Equip Spell Card from your Graveyard",2.3,
DM1821,The Last Warrior from Another Planet,Monster (Fusion),2350,2300,"""Zombyra the Dark"" + ""Maryokutai"" If this card is Special Summoned: Destroy all other monsters you c",3.5,
DM1822,The Law of the Normal,Spell,,,You can only activate this card while there are 5 face-up Level 2 or lower Normal Monsters on your s,3.5,
DM1823,The Legendary Fisherman,Monster (Effect),1850,1600,"While ""Umi"" is on the field, this card is unaffected by Spell effects and cannot be targeted for att",2.3,
DM1824,The Light - Hex-Sealed Fusion,Monster (Effect),1000,1600,"You can substitute this card for any 1 Fusion Material Monster, but the other Fusion Material Monste",3.2,
DM1825,The Little Swordsman of Aile,Monster (Effect),800,1300,Offer 1 monster on your side of the field as a Tribute to increase this monster's ATK by 700 points ,2.3,
DM1826,The Mask of Remnants,Spell,,,"Shuffle this card into its owner's Deck, OR if this card was put into play by the effect of ""Masked ",3.5,
DM1827,The Masked Beast,Monster (Ritual),3200,1800,"You can Ritual Summon this card with ""Curse of the Masked Beast"".",5.1,
DM1828,The Melting Red Shadow,Monster (Normal),500,700,"''This monster melts away to materialize under its enemies, taking them by surprise.''",1.3,
DM1829,The Portrait's Secret,Monster (Normal),1200,1500,"A portrait cursed by the artist, it is said to bring ill fortune to anyone who owns it.",2.3,
DM1830,The Puppet Magic of Dark Ruler,Spell,,,Select 1 Fiend-Type monster from your Graveyard. Remove from play monsters on your side of the field,3.5,
DM1831,The Regulation of Tribe,Trap,,,Declare 1 Type of monster. Monsters of the declared Type cannot attack. Tribute 1 monster from your ,2.3,
DM1832,The Reliable Guardian,Spell,,,Increase 1 face-up monster's DEF by 700 points until the end of this turn.,1.4,
DM1833,The Rock Spirit,Monster (Effect),1700,1000,This card cannot be Normal Summoned or Set. This card can only be Special Summoned by removing from ,3.2,
DM1834,The Sanctuary in the Sky,Spell,,,Battle damage to the controller of a Fairy monster from a battle involving that monster becomes 0.,3.5,
DM1835,The Second Sarcophagus,Spell,,,"This card can only be placed on the field by the effect of ""The First Sarcophagus"".",2.3,
DM1836,The Secret of the Bandit,Spell,,,This card can only be activated during Main Phase 1. Select 1 face-up monster on the field. Each tim,2.3,
DM1837,The Selection,Trap,,,Pay 1000 Life Points. Negate the Summon of a monster that has the same Type as a monster on the fiel,3.5,
DM1838,The Shadow Who Controls the Dark,Monster (Normal),800,700,"A shadow that dwells in the dark, paralyzing its opponents and rendering them harmless.",1.5,
DM1839,The Shallow Grave,Spell,,,Each player targets 1 monster in their own GY; each player Special Summons the target from their GY ,3.5,
DM1840,The Snake Hair,Monster (Normal),1500,1200,A monster with a head of poison snakes. One look from this monster can turn an opponent to stone.,2.3,
DM1841,The Spell Absorbing Life,Trap,,,Flip all face-down Defense Position Monster Cards on the field face-up. Flip Effects are not activat,1.4,
DM1842,The Statue of Easter Island,Monster (Normal),1100,1400,A stone monument from Easter Island that launches laser blasts from its rock-hewn lips.,2.3,
DM1843,The Stern Mystic,Monster (Effect),1500,1200,"FLIP: Reveal all face-down cards on the field (Flip Effects are not activated), then return them to ",2.5,
DM1844,The Thing That Hides in the Mud,Monster (Normal),1200,1300,''This monster melts its way underground to attack enemies from below.'',2.1,
DM1845,The Thing in the Crater,Monster (Effect),1000,1200,"When this card is destroyed and sent from the field to the Graveyard, you can Special Summon 1 Pyro-",2.3,
DM1846,The Third Sarcophagus,Spell,,,"This card can only be placed on the field by the effect of ""The First Sarcophagus"".",2.3,
DM1847,The Tricky,Monster (Effect),2000,1200,You can Special Summon this card (from your hand) by discarding 1 card.,3.5,
DM1848,The Trojan Horse,Monster (Effect),1600,1200,"When Tribute Summoning an EARTH monster, you can treat this 1 monster as 2 Tributes.",3.2,
DM1849,The Unfriendly Amazon,Monster (Effect),2000,1000,Tribute 1 of your monsters on the field (excluding this monster) during each of your Standby Phases.,4.5,
DM1850,The Unhappy Girl,Monster (Effect),400,300,"While this card is in face-up Attack Position on the field, this card is not destroyed as a result o",1.3,
DM1851,The Unhappy Maiden,Monster (Effect),0,100,"When this card is sent to the Graveyard as a result of battle, the Battle Phase for that turn ends i",1.3,
DM1852,The Wandering Doomed,Monster (Normal),800,600,''A monster that wanders the edges of the netherworld.'',1.5,
DM1853,The Warrior Returning Alive,Spell,,,Target 1 Warrior-Type monster in your Graveyard; add that target to your hand.,2.3,
DM1854,The Wicked Dreadroot,Monster (Effect),4000,4000,This card cannot be Special Summoned. This card cannot be Normal Summoned or Set except by Tributing,5.1,
DM1855,The Wicked Worm Beast,Monster (Effect),1400,700,This face-up card on the field is returned to the owner's hand during the End Phase of your turn.,2.5,
DM1856,Theban Nightmare,Monster (Effect),1500,500,Gains 1500 ATK while you have no cards in your hand nor in your Spell & Trap Zones.,2.5,
DM1857,Theinen the Great Sphinx,Monster (Effect),3500,3000,This card cannot be Normal Summoned or Set. This card cannot be Special Summoned except by paying 50,5.1,
DM1858,Thestalos the Firestorm Monarch,Monster (Effect),2400,1000,"If this card is Tribute Summoned: Discard 1 random card from your opponent's hand, then, if it was a",4.3,
DM1859,Thousand Dragon,Monster (Fusion),2400,2000,"""Time Wizard"" + ""Baby Dragon""",4.1,
DM1860,Thousand Energy,Spell,,,Increase the original ATK and DEF of all face-up Level 2 Normal Monsters (except Tokens) on your sid,3.5,
DM1861,Thousand Knives,Spell,,,"If you control ""Dark Magician"": Target 1 monster your opponent controls; destroy that target.",3.5,
DM1862,Thousand Needles,Monster (Effect),1000,1800,When this Defense Position card is attacked and if the DEF of this card is higher than the ATK of th,3.3,
DM1863,Thousand-Eyes Idol,Monster (Normal),0,0,"A wicked entity that controls the hearts of men, its thousand eyes are able to see and expand the ne",1.1,
DM1864,Thousand-Eyes Restrict,Monster (Fusion),0,0,"""Relinquished"" + ""Thousand-Eyes Idol""  Other monsters on the field cannot change their battle positi",5.1,
DM1865,Threatening Roar,Trap,,,Your opponent cannot declare an attack this turn.,2.3,
DM1866,Three-Headed Geedo,Monster (Normal),1200,1400,A three-headed nocturnal monster that is absolutely ruthless when fighting.,2.3,
DM1867,Three-Legged Zombies,Monster (Normal),1100,800,"A pair of friendly skeletons, lean and fat, that travel with extreme difficulty.",1.5,
DM1868,Throwstone Unit,Monster (Effect),900,2000,Tribute 1 Warrior-Type monster on your side of the field to destroy 1 face-up monster on the field w,3.5,
DM1869,Thunder Crash,Spell,,,"Destroy all monsters you control, and if you do, inflict 300 damage to your opponent for each monste",3.5,
DM1870,Thunder Dragon,Monster (Effect),1600,1500,"You can discard this card; add up to 2 ""Thunder Dragon"" from your Deck to your hand.",2.2,
DM1871,Thunder Kid,Monster (Normal),700,600,"This monster stores electricity within his body, and can unleash it with catastrophic power.",1.3,
DM1872,Thunder Nyan Nyan,Monster (Effect),1900,800,"If there is a non-LIGHT monster on your side of the field, destroy this face-up card.",4.5,
DM1873,Thunder of Ruler,Trap,,,During your opponent's Standby Phase: You can activate this card; there is no Battle Phase this turn,2.3,
DM1874,Tiger Axe,Monster (Normal),1300,1100,A fast and powerful axe-wielding beast-warrior.,2.1,
DM1875,Time Machine,Trap,,,When a monster is destroyed by battle and sent to the GY: Special Summon that monster to the same fi,3.5,
DM1876,Time Seal,Trap,,,Skip the Draw Phase of your opponent's next turn.,2.3,
DM1877,Time Wizard,Monster (Effect),500,400,"Once per turn: You can toss a coin and call it. If you call it right, destroy all monsters your oppo",1.5,
DM1878,Timeater,Monster (Effect),1900,1700,If this card destroys an opponent's monster by battle: Your opponent skips their next Main Phase 1.,2.5,
DM1879,Timidity,Spell,,,Neither player can destroy Set Spell and Trap Cards on the field until your opponent's next End Phas,2.3,
DM1880,Toad Master,Monster (Normal),1000,1000,"''A hermit frog that has been in existence for thousands of years, it attacks with tadpoles.''",1.5,
DM1881,Togex,Monster (Normal),1600,1800,''An agile monster that rolls up to ram its opponents.'',2.1,
DM1882,Token Feastevil,Trap,,,"When a Token(s) is Special Summoned: Destroy as many Tokens on the field as possible, and if you do,",3.5,
DM1883,Token Thanksgiving,Spell,,,Destroy all tokens on the field. Increase your Life Points by the number of tokens destroyed x 800 p,3.5,
DM1884,Toll,Spell,,,Each player must pay 500 Life Points to declare an attack.,2.3,
DM1885,Tomozaurus,Monster (Normal),500,400,"Small but vicious, this monster even attacks its own kind.",1.3,
DM1886,Tongyo,Monster (Normal),1350,800,This monster captures other fish with its long tongue and sucks the energy out of them.,2.1,
DM1887,Toon Alligator,Monster (Normal),800,1600,An alligator monster straight from the cartoons.,2.5,
DM1888,Toon Cannon Soldier,Monster (Effect),1400,1300,"This card cannot attack the turn it is Summoned. If ""Toon World"" on the field is destroyed, destroy ",2.5,
DM1889,Toon Dark Magician Girl,Monster (Effect),2000,1700,Cannot be Normal Summoned/Set. Must first be Special Summoned (from your hand) by Tributing 1 monste,3.5,
DM1890,Toon Defense,Trap,,,When an opponent's monster declares an attack targeting a face-up Level 4 or lower Toon Monster you ,3.5,
DM1891,Toon Gemini Elf,Monster (Effect),1900,900,"Cannot attack the turn it is Summoned. If ""Toon World"" on the field is destroyed, destroy this card.",4.5,
DM1892,Toon Goblin Attack Force,Monster (Effect),2300,0,"This card cannot attack the turn it is Summoned. If ""Toon World"" on the field is destroyed, destroy ",5.1,
DM1893,Toon Masked Sorcerer,Monster (Effect),900,1400,"Cannot attack the turn it is Summoned. If ""Toon World"" on the field is destroyed, destroy this card.",2.5,
DM1894,Toon Mermaid,Monster (Effect),1400,1500,"Cannot be Normal Summoned/Set. Must first be Special Summoned (from your hand), while you control ""T",2.5,
DM1895,Toon Summoned Skull,Monster (Effect),2500,1200,"(This card is always treated as an ""Archfiend"" card.) Cannot be Normal Summoned/Set. Must first be S",4.3,
DM1896,Toon Table of Contents,Spell,,,"Add 1 ""Toon"" card from your Deck to your hand.",2.3,
DM1897,Toon World,Spell,,,Activate this card by paying 1000 LP.,2.3,
DM1898,Torike,Monster (Normal),1200,600,"''Although a poor defender, this monster's sharp horn gives it an edge when attacking.''",2.1,
DM1899,Tornado Bird,Monster (Effect),1100,1000,FLIP: Return 2 Spell or Trap Cards on the field to their owners' hands.,2.2,
DM1900,Tornado Wall,Trap,,,"Activate only while ""Umi"" is on the field. While ""Umi"" is face-up on the field, you take no Battle D",2.3,
DM1901,Torpedo Fish,Monster (Effect),1000,1000,"While ""Umi"" is face-up on the field, this card is unaffected by any Spell Cards.",2.2,
DM1902,Torrential Tribute,Trap,,,When a monster(s) is Summoned: Destroy all monsters on the field.,4.5,
DM1903,Total Defense Shogun,Monster (Effect),1550,2500,This card is changed to Defense Position when it is Normal Summoned or Flip Summoned successfully. T,4.3,
DM1904,Tower of Babel,Trap,,,"Each time a Spell Card is activated, place 1 Spell Counter on this card when that Spell Card resolve",2.3,
DM1905,Tragedy,Trap,,,When a face-up Attack Position monster(s) your opponent controls is changed to face-up Defense Posit,3.5,
DM1906,Trakodon,Monster (Normal),1300,800,A tiger-striped dragon that is often seen racing across the wasteland at tremendous speeds.,2.1,
DM1907,Trap Dustshoot,Trap,,,"Activate only if your opponent has 4 or more cards in their hand. Look at your opponent's hand, sele",2.3,
DM1908,Trap Hole,Trap,,,When your opponent Normal or Flip Summons 1 monster with 1000 or more ATK: Target that monster; dest,3.1,
DM1909,Trap Jammer,Trap,,,"When your opponent activates a Trap Card during the Battle Phase: Negate the activation, and if you ",3.5,
DM1910,Trap Master,Monster (Effect),500,1100,"FLIP: Select 1 Trap Card on the field and destroy it. If the selected card is Set, pick up and see t",2.2,
DM1911,Trap of Board Eraser,Trap,,,You can only activate this card when an effect that inflicts damage to your Life Points is activated,3.5,
DM1912,Trap of Darkness,Trap,,,"If your LP is 3000 or less: Pay 1000 LP, then target 1 Normal Trap in your GY, except ""Trap of Darkn",2.3,
DM1913,Tremendous Fire,Spell,,,Inflict 1000 points of damage to your opponent's Life Points and 500 points of damage to your Life P,1.4,
DM1914,Trent,Monster (Normal),1500,1800,"A guardian of the woods, this massive tree is believed to be immortal.",2.1,
DM1915,Tri-Horned Dragon,Monster (Normal),2850,2350,An unworthy dragon with three sharp horns sprouting from its head.,4.3,
DM1916,Trial of Nightmare,Monster (Normal),1300,900,This fiend passes judgment on enemies that are locked in coffins.,2.1,
DM1917,Triangle Ecstasy Spark,Spell,,,"Until the end of this turn, the ATK of all ""Harpie Lady Sisters"" currently on the field becomes 2700",3.5,
DM1918,Triangle Power,Spell,,,Increase the original ATK and DEF of all face-up Level 1 Normal Monsters (except Tokens) on your sid,3.5,
DM1919,Tribe-Infecting Virus,Monster (Effect),1600,1000,Discard 1 card from your hand and declare 1 Type of monster. Destroy all face-up monsters of the dec,4.5,
DM1920,Tribute Doll,Spell,,,Tribute 1 monster; Special Summon 1 Level 7 monster from your hand that can be Normal Summoned/Set. ,3.5,
DM1921,Tribute to the Doomed,Spell,,,"Discard 1 card, then target 1 monster on the field; destroy it.",2.3,
DM1922,Tricky Spell 4,Spell,,,"Send 1 face-up ""The Tricky"" you control to the Graveyard; Special Summon ""Tricky Tokens"" (Spellcaste",3.5,
DM1923,Tripwire Beast,Monster (Normal),1200,1300,This creature attacks with electromagnetic waves.,2.1,
DM1924,Troop Dragon,Monster (Effect),700,800,"If this card is destroyed by battle and sent to the GY: Special Summon 1 ""Troop Dragon"" from your De",2.2,
DM1925,Tsukuyomi,Monster (Effect),1100,1400,Cannot be Special Summoned. If this card is Normal Summoned or flipped face-up: Target 1 face-up mon,2.5,
DM1926,Turtle Bird,Monster (Normal),1900,1700,"An unusual turtle that not only swims at tremendous speeds, but can also sail across the skies.",2.3,
DM1927,Turtle Oath,Spell,,,"This card is used to Ritual Summon ""Crab Turtle"". You must also offer monsters whose total Level Sta",2.3,
DM1928,Turtle Raccoon,Monster (Normal),700,900,"''A cunning raccoon protected by a solid turtle shell, it attacks with deception.''",1.5,
DM1929,Turtle Tiger,Monster (Normal),1000,1500,A tiger encased in a protective shell that attacks with razor-sharp fangs.,2.3,
DM1930,Turu-Purun,Monster (Normal),450,500,"A strange, one-eyed monster that can fell an enemy with a single stab of its spear.",1.3,
DM1931,Tutan Mask,Trap,,,When a Spell/Trap Card is activated that targets exactly 1 Zombie monster on the field (and no other,3.5,
DM1932,Twin Long Rods #1,Monster (Normal),900,700,"With whip-like arms, this creature can attack enemies from a distance.",1.5,
DM1933,Twin Long Rods #2,Monster (Normal),850,700,An amphibious creature with two whip-like tails.,1.5,
DM1934,Twin Swords of Flashing Light - Tryce,Spell,,,"Send 1 card from your hand to the Graveyard; equip this card to a monster. It loses 500 ATK, but it ",3.5,
DM1935,Twin-Headed Behemoth,Monster (Effect),1500,1200,"During the End Phase, if this card is in the GY because it was destroyed on the field and sent there",2.5,
DM1936,Twin-Headed Fire Dragon,Monster (Normal),2200,1700,Two dragons fused as one from the effects of the Big Bang.,3.5,
DM1937,Twin-Headed Thunder Dragon,Monster (Fusion),2800,2100,"""Thunder Dragon"" + ""Thunder Dragon""",4.3,
DM1938,Twin-Headed Wolf,Monster (Effect),1500,1000,"While you control another Fiend monster, negate the effects of Flip monsters destroyed by battle wit",2.5,
DM1939,Twinheaded Beast,Monster (Effect),1700,1900,This card can attack twice during the same Battle Phase.,2.5,
DM1940,Two Thousand Needles,Monster (Effect),2000,1800,When this Defense Position card is attacked and the ATK of the attacking monster is lower than the D,3.5,
DM1941,Two-Headed King Rex,Monster (Normal),1600,1200,A powerful monster whose two heads attack as one.,2.5,
DM1942,Two-Man Cell Battle,Spell,,,"During each player's End Phase, the turn player can Special Summon 1 Level 4 Normal Monster from the",3.5,
DM1943,Two-Mouth Darkruler,Monster (Normal),900,700,"A dinosaur with two deadly jaws, it stores electricity in its horn and releases high voltage bolts f",1.5,
DM1944,Two-Pronged Attack,Trap,,,Select and destroy 2 of your monsters and 1 of your opponent's monsters.,2.3,
DM1945,Tyhone,Monster (Normal),1200,1400,"Capable of firing cannonballs from its mouth for long-range attacks, this creature is particularly e",2.3,
DM1946,Tyhone #2,Monster (Normal),1700,1900,A crimson dragon that spits fireballs to create a blazing sea of fire.,2.3,
DM1947,Type Zero Magic Crusher,Trap,,,Discard 1 Spell Card from your hand to inflict 500 points of damage to your opponent's Life Points.,1.4,
DM1948,Tyrant Dragon,Monster (Effect),2900,2500,"During your Battle Phase, if your opponent controls a monster after this card's first attack, this c",4.5,
DM1949,UFO Turtle,Monster (Effect),1400,1200,When this card is destroyed by battle and sent to the Graveyard: You can Special Summon 1 FIRE monst,2.5,
DM1950,Ulevo,Monster (Effect),3000,2500,This card cannot be Special Summoned. This card must be Tribute Summoned by offering 3 Winged Beast-,5.1,
DM1951,Ultimate Baseball Kid,Monster (Effect),500,1000,"This card gains 1000 ATK for each face-up FIRE monster on the field, except this card. You can send ",2.2,
DM1952,Ultimate Insect LV1,Monster (Effect),0,0,"While this card is on the field, it is unaffected by the effects of Spell Cards. During your Standby",1.3,
DM1953,Ultimate Insect LV3,Monster (Effect),1400,900,"If this card was Special Summoned by the effect of ""Ultimate Insect LV1"", while it remains on the fi",2.5,
DM1954,Ultimate Insect LV5,Monster (Effect),2300,900,"If this card was Special Summoned by the effect of ""Ultimate Insect LV3"", while it remains on the fi",4.2,
DM1955,Ultimate Insect LV7,Monster (Effect),2600,1200,"If this card was Special Summoned by the effect of ""Ultimate Insect LV5"", while it remains on the fi",4.5,
DM1956,Ultimate Obedient Fiend,Monster (Effect),3500,3000,This card can only attack if this card is the only card on your side of the field and if you also ha,5.1,
DM1957,Ultimate Offering,Trap,,,During your Main Phase or your opponent's Battle Phase: You can pay 500 Life Points; immediately aft,2.3,
DM1958,Ultra Evolution Pill,Spell,,,Tribute 1 Reptile monster; Special Summon 1 Dinosaur monster from your hand.,3.5,
DM1959,Umi,Spell,,,"All Fish, Sea Serpent, Thunder, and Aqua monsters on the field gain 200 ATK/DEF, also all Machine an",1.4,
DM1960,Umiiruka,Spell,,,Increase the ATK of all WATER monsters by 500 points and decrease their DEF by 400 points.,1.4,
DM1961,Union Attack,Spell,,,Target 1 face-up monster you control; add up the total ATK of all other face-up Attack Position mons,3.5,
DM1962,Union Rider,Monster (Effect),1000,1000,You can take control of up to 1 Union Monster that is currently a monster on your opponent's side of,2.2,
DM1963,United Resistance,Monster (Normal),1000,400,The people that gather to swear to fight their oppressors. A revolution is coming.,1.5,
DM1964,United We Stand,Spell,,,The equipped monster gains 800 ATK/DEF for each face-up monster you control.,4.5,
DM1965,Unity,Spell,,,Select 1 monster on your side of the field. The DEF of the selected monster becomes equal to the com,1.4,
DM1966,Unknown Warrior of Fiend,Monster (Normal),1000,500,The speed of this warrior creates an intense vacuum that can slice through a monster's hide.,1.5,
DM1967,Unshaven Angler,Monster (Effect),1500,1600,"When Tribute Summoning a WATER monster, you can treat this 1 monster as 2 Tributes.",3.2,
DM1968,Upstart Goblin,Spell,,,"Draw 1 card, then your opponent gains 1000 LP.",3.5,
DM1969,Uraby,Monster (Normal),1500,800,"Fast on its feet, this dinosaur rips enemies to shreds with its sharp claws.",2.3,
DM1970,Ushi Oni,Monster (Normal),2150,1950,"A bull fiend restored by the dark arts, this monster appears out of a jar.",3.5,
DM1971,Valkyrion the Magna Warrior,Monster (Effect),3500,3850,"Cannot be Normal Summoned/Set. Must first be Special Summoned (from your hand) by Tributing 1 ""Alpha",5.1,
DM1972,Vampire Baby,Monster (Effect),700,1000,"At the end of the Battle Phase, if this card destroyed a monster by battle and sent it to the Gravey",2.2,
DM1973,Vampire Genesis,Monster (Effect),3000,2100,"Cannot be Normal Summoned/Set. Must be Special Summoned (from your hand) by banishing 1 ""Vampire Lor",5.1,
DM1974,Vampire Lady,Monster (Effect),1550,1550,"When this card inflicts battle damage to your opponent: Declare 1 card type (Monster, Spell, or Trap",2.5,
DM1975,Vampire Lord,Monster (Effect),2000,1500,"If this card inflicts battle damage to your opponent: Declare 1 type of card (Monster, Spell, or Tra",3.5,
DM1976,Vampire's Curse,Monster (Effect),2000,800,When this card is destroyed by battle and sent to the Graveyard: You can pay 500 Life Points; Specia,3.5,
DM1977,Vampiric Orchis,Monster (Effect),1700,1000,"When this card is Normal Summoned: You can Special Summon 1 ""Des Dendle"" from your hand.",3.2,
DM1978,Van'Dalgyon the Dark Dragon Lord,Monster (Effect),2800,2500,"If you negate the activation of an opponent's Spell/Trap Card(s), or opponent's monster effect(s), w",4.5,
DM1979,Vengeful Bog Spirit,Spell,,,Monsters cannot attack the turn they are Summoned.,2.3,
DM1980,Vermillion Sparrow,Monster (Fusion),1900,1500,"""Rhaimundos of the Red Sword"" + ""Fireyarou""",3.3,
DM1981,Versago the Destroyer,Monster (Effect),1100,900,"You can substitute this card for any 1 Fusion Material Monster. When you do this, the other Fusion M",2.2,
DM1982,Victory Dragon,Monster (Effect),2400,3000,"This card cannot be Special Summoned. To Tribute Summon this card, you must Tribute 3 Dragon-Type mo",5.1,
DM1983,Vile Germs,Spell,,,A Plant-Type monster equipped with this card increases its ATK and DEF by 300 points.,3.5,
DM1984,Vilepawn Archfiend,Monster (Effect),1200,200,The controller of this card pays 500 Life Points during each of his/her Standby Phases (this is not ,2.3,
DM1985,Violent Rain,Monster (Normal),1550,800,This monster can call forth sudden torrents of battering rain.,2.3,
DM1986,Violet Crystal,Spell,,,"(This card is not treated as a ""Crystal"" card.)  Equip only to a Zombie monster. It gains 300 ATK/DE",3.5,
DM1987,Virus Cannon,Trap,,,"Tribute any number of monsters, except Tokens; your opponent sends an equal number of Spells from th",2.3,
DM1988,Viser Des,Monster (Effect),500,1200,If this card is Normal Summoned: Target 1 monster your opponent controls; during your third Standby ,2.3,
DM1989,Vishwar Randi,Monster (Normal),900,700,''This lady warrior with unquenchable bloodlust serves the forces of darkness.'',1.5,
DM1990,Vorse Raider,Monster (Normal),1900,1200,"This wicked Beast-Warrior does every horrid thing imaginable, and loves it! His axe bears the marks ",4.3,
DM1991,Waboku,Trap,,,You take no battle damage from your opponent's monsters this turn. Your monsters cannot be destroyed,2.3,
DM1992,Wall Shadow,Monster (Effect),1600,3000,"Cannot be Normal Summoned/Set. Must first be Special Summoned with ""Magical Labyrinth"".",5.1,
DM1993,Wall of Illusion,Monster (Effect),1000,1850,"If this card is attacked by a monster, after damage calculation: Return that monster to the hand.",3.5,
DM1994,Wall of Revealing Light,Trap,,,Activate by paying any multiple of 1000 Life Points. Monsters your opponent controls cannot attack i,3.5,
DM1995,Wandering Mummy,Monster (Effect),1500,1500,You can flip this card into face-down Defense Position once per turn during your Main Phase. After y,2.5,
DM1996,War-Lion Ritual,Spell,,,"This card is used to Ritual Summon ""Super War-Lion"". You must also Tribute monsters from your hand o",2.3,
DM1997,Warrior Dai Grepher,Monster (Normal),1700,1600,The warrior who can manipulate dragons. Nobody knows his mysterious past.,2.5,
DM1998,Warrior Elimination,Spell,,,Destroy all Warrior monsters on the field.,3.5,
DM1999,Warrior of Tradition,Monster (Fusion),1900,1700,"""Sonic Maid"" + ""Beautiful Headhuntress""",3.3,
DM2000,Warrior of Zera,Monster (Normal),1600,1600,A wandering warrior who seeks the sanctuary where he can gain the power of the Archlords. To escape ,2.5,
DM2001,Wasteland,Spell,,,"All Dinosaur, Zombie, and Rock monsters on the field gain 200 ATK/DEF.",1.4,
DM2002,Watapon,Monster (Effect),200,300,If this card is added from your Deck to your hand by a card effect: You can Special Summon this card,1.3,
DM2003,Water Element,Monster (Normal),900,700,''A sea-dwelling spirit that takes away sight by clouding the area in fog.'',1.5,
DM2004,Water Girl,Monster (Normal),1250,1000,''A lovely lady who can launch water projectiles that turn into lethal ice spikes before they reach ,2.1,
DM2005,Water Magician,Monster (Normal),1400,1000,This monster swamps an opponent with an almost endless supply of water.,2.3,
DM2006,Water Omotics,Monster (Normal),1400,1200,Transforms the water overflowing from a jar into attacking dragons.,2.3,
DM2007,Waterdragon Fairy,Monster (Normal),1100,700,''A water fairy that is said to be able to summon a giant sea serpent.'',1.5,
DM2008,Wattkid,Monster (Normal),1000,500,A creature that electrocutes opponents with bolts of lightning.,1.5,
DM2009,Wave-Motion Cannon,Spell,,,During your Main Phase: You can send this face-up card to the GY; inflict 1000 damage to your oppone,2.3,
DM2010,Weapon Change,Spell,,,"Once during each of your Standby Phases: You can pay 700 Life Points, then target 1 Warrior or Machi",3.5,
DM2011,Weather Control,Monster (Normal),600,400,''This creature controls weather and is often the cause of mountain storms.'',1.3,
DM2012,Weather Report,Monster (Effect),950,1500,"FLIP: Destroys all of your opponent's face-up ""Swords of Revealing Light"" on the field. If ""Swords o",2.5,
DM2013,Wetha,Monster (Normal),1000,900,A spirit that controls rain and is capable of summoning hurricanes to blow the enemy away.,1.5,
DM2014,Whiptail Crow,Monster (Normal),1650,1600,Attacks from the skies with a whip-like tail.,2.5,
DM2015,Whirlwind Prodigy,Monster (Effect),1500,1600,"When Tribute Summoning a WIND monster, you can treat this 1 monster as 2 Tributes.",3.2,
DM2016,White Dolphin,Monster (Normal),500,400,''A white dolphin with a horn that summons huge tidal waves.'',1.3,
DM2017,White Dragon Ritual,Spell,,,"This card is used to Ritual Summon ""Paladin of White Dragon"". You must also Tribute monsters from yo",2.3,
DM2018,White Hole,Trap,,,"When your opponent activates ""Dark Hole"": Monsters you control cannot be destroyed by that ""Dark Hol",3.5,
DM2019,White Magical Hat,Monster (Effect),1000,700,"When this card inflicts Battle Damage to your opponent's Life Points, your opponent discards 1 card ",2.2,
DM2020,White Magician Pikeru,Monster (Effect),1200,0,"During your Standby Phase, increase your Life Points by 400 points for each monster on your side of ",2.3,
DM2021,White Ninja,Monster (Effect),1500,800,FLIP: Target 1 Defense Position monster on the field; destroy that target.,2.5,
DM2022,Wicked Dragon with the Ersatz Head,Monster (Normal),900,900,''A two-headed dragon with a pair of jaws that can tear an enemy to shreds.'',1.5,
DM2023,Wicked-Breaking Flamberge - Baou,Spell,,,"Send 1 card from your hand to the GY, then target 1 monster on the field; equip this card to that ta",3.5,
DM2024,Widespread Ruin,Trap,,,When an opponent's monster declares an attack: Destroy the Attack Position monster your opponent con,3.5,
DM2025,Wild Nature's Release,Spell,,,Target 1 Beast or Beast-Warrior-Type monster; it gains ATK equal to its current DEF until the End Ph,1.4,
DM2026,Wilmee,Monster (Normal),1000,1200,A rabid rabbit that shears through opposition with its sharp skewers.,2.1,
DM2027,Windstorm of Etaqua,Trap,,,Change the battle positions of all face-up monsters your opponent controls.,3.5,
DM2028,Wing Eagle,Monster (Normal),1800,1500,''This flying creature never misses its intended target.'',2.1,
DM2029,Wing Egg Elf,Monster (Normal),500,1300,''This fairy in an eggshell uses massive wings to blow back almost any projectile attack.'',2.1,
DM2030,Winged Cleaver,Monster (Normal),700,700,Few can withstand the scythe-like arms of this dangerous creature.,1.3,
DM2031,"Winged Dragon, Guardian of the Fortress #1",Monster (Normal),1400,1200,A dragon commonly found guarding mountain fortresses. Its signature attack is a sweeping dive from o,2.3,
DM2032,"Winged Dragon, Guardian of the Fortress #2",Monster (Normal),1200,1000,This monster's wings are capable of generating tornadoes.,2.1,
DM2033,Winged Egg of New Life,Monster (Normal),1400,1700,''It is said to signal that life is growing in a woman's womb.'',1.5,
DM2034,Winged Kuriboh,Monster (Effect),300,200,"If this card on the field is destroyed and sent to the GY: For the rest of this turn, you take no ba",1.3,
DM2035,Winged Minion,Monster (Effect),700,700,Tribute this face-up card. Select 1 face-up Fiend-Type monster on the field. Increase the ATK and DE,1.5,
DM2036,Winged Sage Falcos,Monster (Effect),1700,1200,When this card destroys an opponent's face-up Attack Position monster by battle and sends it to thei,3.2,
DM2037,Wings of Wicked Flame,Monster (Normal),700,600,Crimson wings of fire make this a very lethal creature.,1.3,
DM2038,Wingweaver,Monster (Normal),2750,2400,A six-winged fairy who prays for peace and hope.,4.3,
DM2039,Witch Doctor of Chaos,Monster (Effect),500,500,FLIP: Select 1 Monster Card from you or your opponent's Graveyard. Remove it from play.,1.5,
DM2040,Witch of the Black Forest,Monster (Effect),1100,1200,If this card is sent from the field to the GY: Add 1 monster with 1500 or less DEF from your Deck to,4.5,
DM2041,Witch's Apprentice,Monster (Effect),550,500,"As long as this card remains face-up on the field, increase the ATK of all DARK monsters by 500 poin",1.5,
DM2042,Witty Phantom,Monster (Normal),1400,1300,"Dressed in a night-black tuxedo, this creature presides over the darkness.",2.3,
DM2043,Wodan the Resident of the Forest,Monster (Effect),900,1200,Increase this card's ATK by 100 points for every Plant-Type monster that is face-up on the field.,2.3,
DM2044,Wolf,Monster (Normal),1200,800,"Dis alpha wolf yoozes his sense a smell ta find da enemy. 'ey, quit sniffin at my socks!",2.1,
DM2045,Wolf Axwielder,Monster (Normal),1650,1000,"Once it has started battle, this monster attacks fiercely and cannot stop.",2.5,
DM2046,Wood Clown,Monster (Normal),800,1200,''A creature with a wicked smile and a lethal sickle.'',2.1,
DM2047,Wood Remains,Monster (Normal),1000,900,''A living corpse of wood re-animated by the power of darkness.'',1.5,
DM2048,Woodborg Inpachi,Monster (Normal),500,2500,"The new form of the enigmatic Inpachi, remodeled by cutting-edge Dark World technology. Maneuverabil",4.1,
DM2049,Woodland Sprite,Monster (Effect),900,400,Send 1 Equip Card equipped to this card to the Graveyard. Inflict 500 points of damage to your oppon,2.2,
DM2050,World Suppression,Trap,,,You can only activate this card when a Field Spell Card is activated. Negate the Field Spell Card du,3.5,
DM2051,Worm Drake,Monster (Normal),1400,1500,"Once this monster wraps itself around a victim, there is no escape.",2.3,
DM2052,Wow Warrior,Monster (Normal),1250,900,"A fish with arms, legs, and some very sharp teeth.",2.1,
DM2053,Wretched Ghost of the Attic,Monster (Normal),550,400,A harmless monster found lurking in just about any attic.,1.3,
DM2054,Wynn the Wind Charmer,Monster (Effect),500,1500,"FLIP: While this card is face-up on the field, take control of 1 WIND monster your opponent controls",2.5,
DM2055,X-Head Cannon,Monster (Normal),1800,1500,"A monster with a mighty cannon barrel, it is able to integrate its attacks. It attacks in many ways ",3.1,
DM2056,XY-Dragon Cannon,Monster (Fusion),2200,1900,"""X-Head Cannon"" + ""Y-Dragon Head"" Must first be Special Summoned (from your Extra Deck) by banishing",3.5,
DM2057,XYZ-Dragon Cannon,Monster (Fusion),2800,2600,"""X-Head Cannon"" + ""Y-Dragon Head"" + ""Z-Metal Tank""  Must first be Special Summoned (from your Extra ",4.3,
DM2058,XZ-Tank Cannon,Monster (Fusion),2400,2100,"""X-Head Cannon"" + ""Z-Metal Tank"" Must first be Special Summoned (from your Extra Deck) by banishing ",4.1,
DM2059,Xing Zhen Hu,Trap,,,Activate by selecting 2 Set Spell or Trap Cards on the field. The selected Spell or Trap Cards canno,2.3,
DM2060,Y-Dragon Head,Monster (Effect),1500,1600,"Once per turn, you can either: Target 1 ""X-Head Cannon"" you control; equip this card to that target,",3.2,
DM2061,YZ-Tank Dragon,Monster (Fusion),2100,2200,"""Y-Dragon Head"" + ""Z-Metal Tank"" Must first be Special Summoned (from your Extra Deck) by banishing ",3.5,
DM2062,Yado Karu,Monster (Effect),900,1700,"When this card is changed from Attack Position to Defense Position, you can place any number of card",3.2,
DM2063,Yaiba Robo,Monster (Normal),1000,1300,A cubical machine equipped with cutting blades for shredding an opponent to mincemeat.,2.1,
DM2064,Yamadron,Monster (Normal),1600,1800,This monster has three fire-breathing heads and can form a sea of blazing flames.,2.1,
DM2065,Yamata Dragon,Monster (Effect),2600,3100,This card cannot be Special Summoned. This card returns to its owner's hand during the End Phase of ,5.1,
DM2066,Yamatano Dragon Scroll,Monster (Normal),900,300,''A dragon conjured from the very scroll in which it was depicted.'',1.5,
DM2067,Yami,Spell,,,"All Fiend and Spellcaster monsters on the field gain 200 ATK/DEF, also all Fairy monsters on the fie",1.4,
DM2068,Yaranzo,Monster (Normal),1300,1500,A treasure box containing a monster that attacks any unwary bandit.,2.3,
DM2069,Yashinoki,Monster (Normal),800,600,''An intelligent palm tree that drops a hail of rock-hard coconuts on its enemies.'',1.5,
DM2070,Yata-Garasu,Monster (Effect),200,100,This card cannot be Special Summoned. This card returns to its owner's hand during the End Phase of ,5.5,
DM2071,Yellow Gadget,Monster (Effect),1200,1200,"When this card is Normal or Special Summoned: You can add 1 ""Green Gadget"" from your Deck to your ha",2.3,
DM2072,Yellow Luster Shield,Spell,,,Increase the DEF of all monsters on your side of the field by 300 points.,1.4,
DM2073,Yomi Ship,Monster (Effect),800,1400,If this card is destroyed by battle and sent to the GY: Destroy the monster that destroyed this card,2.5,
DM2074,Yormungarde,Monster (Normal),1200,900,''An extremely long snake that dwells in the world of myth.'',2.1,
DM2075,Yu-Jo Friendship,Spell,,,"Offer your opponent a handshake. If they accept your handshake, each player's Life Points become hal",2.3,
DM2076,Z-Metal Tank,Monster (Effect),1500,1300,"Once per turn, you can either: Target 1 ""X-Head Cannon"" or ""Y-Dragon Head"" you control; equip this c",2.5,
DM2077,Zaborg the Thunder Monarch,Monster (Effect),2400,1000,If this card is Tribute Summoned: Target 1 monster on the field; destroy that target.,4.3,
DM2078,Zanki,Monster (Normal),1500,1700,''His swiftly drawn blade delivers quick and fatal damage.'',1.5,
DM2079,Zarigun,Monster (Normal),600,700,''A lethal crawfish with extremely dangerous claws.'',1.3,
DM2080,Zera Ritual,Spell,,,"This card is used to Ritual Summon ""Zera the Mant"". You must also Tribute monsters from the field or",2.3,
DM2081,Zera the Mant,Monster (Ritual),2800,2300,"This card can only be Ritual Summoned with the Ritual Spell Card, ""Zera Ritual"".",4.3,
DM2082,Zero Gravity,Trap,,,Change the battle positions of all face-up monsters on the field.,2.3,
DM2083,Zoa,Monster (Normal),2600,1900,"A monster whose full potential can be achieved when outfitted with ""Metalmorph"".",4.3,
DM2084,Zolga,Monster (Effect),1700,1200,When a monster is Tribute Summoned by Tributing this card: The owner of this card gains 2000 Life Po,3.2,
DM2085,Zoma the Spirit,Trap,,,Special Summon this card in Defense Position as an Effect Monster (Zombie/DARK/Level 4/ATK 1800/DEF ,3.5,
DM2086,Zombie Tiger,Monster (Effect),1400,1600,"Once per turn, you can either: Target 1 ""Decayed Commander"" you control; equip this card to that tar",3.2,
DM2087,Zombie Warrior,Monster (Fusion),1200,900,"""Skull Servant"" + ""Battle Warrior""",3.1,
DM2088,Zombyra the Dark,Monster (Effect),2100,500,This card cannot attack your opponent directly. If this card destroys a monster by battle: This card,5.1,
DM2089,Zone Eater,Monster (Effect),250,200,A monster attacked by this card will be destroyed during the End Phase of the 5th turn after the att,1.3,
